번호,시도,시군구,품목,부부 가족 경영규모,평균투자비(3년합계),연간운영비/년(운영),평균수입/년(부부인건비 포함),평균농지가격(3.3㎡)
1,경상남도,합천군,과일과채류 > 딸기 > 딸기(시설딸기),3300(㎡),22000000(원),68000000(원),25000000(원),2500(원)/50000(원)
2,경상남도,합천군,조미채소류 > 마늘 > 마늘,4000(㎡),17000000(원),23000000(원),12000000(원),2500(원)/50000(원)
3,경상남도,합천군,조미채소류 > 양파 > 양파(일반),4000(㎡),13000000(원),22000000(원),10000000(원),2500(원)/50000(원)
4,경상남도,남해군,조미채소류 > 마늘 > 마늘,1000(㎡),23700000(원),5614138(원),5940734(원),911(원)/36308(원)
5,경상남도,고성군,과일과채류 > 토마토 > 토마토(시설),4000(㎡),200000000(원),60000000(원),120000000(원),2000(원)/100000(원)
6,경상남도,의령군,과실류 > 블루베리 > 블루베리(일반),1320(㎡),18000000(원),2300000(원),12000000(원),700(원)/100000(원)
7,경상남도,의령군,엽경채류 > 부추 > 일반부추,12000(㎡),230000000(원),45000000(원),81000000(원),700(원)/100000(원)
8,경상남도,의령군,과채류 > 호박 > 쥬키니호박,6000(㎡),138000000(원),21000000(원),32000000(원),700(원)/100000(원)
9,경상남도,의령군,과일과채류 > 수박 > 수박(일반),5000(㎡),73000000(원),10000000(원),25000000(원),700(원)/100000(원)
10,경상남도,양산시,과실류 > 사과 > 사과(기타),2000(㎡),25000000(원),10000000(원),30000000(원),2000(원)/250000(원)
11,경상남도,양산시,과일과채류 > 딸기 > 딸기(기타),2000(㎡),27000000(원),10000000(원),32000000(원),2000(원)/250000(원)
12,경상남도,양산시,과실류 > 매실 > 매실(일반),2000(㎡),21000000(원),10000000(원),25000000(원),2000(원)/250000(원)
13,경상남도,밀양시,미곡류 > 쌀 > 쌀(기타),9559(㎡),0(원),15928000(원),21996000(원),3000(원)/250000(원)
14,경상남도,밀양시,과일과채류 > 딸기 > 딸기(기타),7024(㎡),0(원),19198000(원),30028000(원),3000(원)/250000(원)
15,경상남도,밀양시,과실류 > 사과 > 사과(기타),4254(㎡),0(원),27869000(원),30192000(원),3000(원)/250000(원)
16,경상남도,밀양시,조미채소류 > 풋고추 > 고추(시설),3933(㎡),0(원),67848000(원),55512000(원),3000(원)/250000(원)
17,경상남도,김해시,과일과채류 > 참외 > 참외(시설),3630(㎡),40000000(원),9000000(원),24000000(원),3000(원)/450000(원)
18,경상남도,김해시,과일과채류 > 딸기 > 딸기(시설딸기),5940(㎡),52000000(원),33000000(원),90000000(원),3000(원)/450000(원)
19,경상남도,사천시,과일과채류 > 토마토 > 토마토(일반),3000(㎡),42500000(원),15873214(원),2598742(원),400(원)/55200(원)
20,경상남도,사천시,과일과채류 > 딸기 > 딸기(기타),3000(㎡),30000000(원),11329886(원),21507859(원),200(원)/18000(원)
21,경상남도,사천시,과실류 > 단감 > 감(기타),3000(㎡),5500000(원),2126832(원),4558909(원),400(원)/38500(원)
22,경상남도,사천시,과실류 > 참다래(키위) > 참다래(키위)일반,3000(㎡),4000000(원),1426034(원),3253609(원),300(원)/32500(원)
23,경상남도,통영시,서류 > 고구마 > 고구마(기타),2640(㎡),2020000(원),2450000(원),7000000(원),7000(원)/300000(원)
24,경상남도,통영시,엽경채류 > 시금치 > 시금치(일반),1300(㎡),550000(원),800000(원),3100000(원),7000(원)/300000(원)
25,경상남도,진주시,조미채소류 > 풋고추 > 고추(시설),4000(㎡),100000000(원),30000000(원),50000000(원),12000(원)/250000(원)
26,경상남도,진주시,과채류 > 호박 > 시설호박,4000(㎡),100000000(원),30000000(원),40000000(원),12000(원)/250000(원)
27,경상남도,진주시,과일과채류 > 딸기 > 딸기(시설딸기),4000(㎡),120000000(원),35000000(원),60000000(원),12000(원)/250000(원)
28,경상남도,창원시,근채류 > 당근 > 당근(일반),3300(㎡),25000000(원),5000000(원),35000000(원),1000(원)/200000(원)
29,경상남도,창원시,과일과채류 > 수박 > 수박(일반),3300(㎡),30000000(원),5000000(원),40000000(원),1000(원)/200000(원)
30,경상남도,창원시,과실류 > 단감 > 감(기타),3300(㎡),15000000(원),3000000(원),20000000(원),1000(원)/200000(원)
31,경상북도,울진군,서류 > 감자 > 감자(기타),3000(㎡),4000000(원),8000000(원),8000000(원),15000(원)/50000(원)
32,경상북도,울진군,조미채소류 > 양파 > 양파(일반),3000(㎡),8000000(원),13000000(원),11000000(원),15000(원)/50000(원)
33,경상북도,울진군,조미채소류 > 풋고추 > 풋고추(기타),3000(㎡),6000000(원),10000000(원),12000000(원),15000(원)/50000(원)
34,경상북도,봉화군,과실류 > 사과 > 사과(기타),10000(㎡),13158890(원),2110580(원),15094860(원),2500(원)/120000(원)
35,경상북도,봉화군,과일과채류 > 수박 > 노지수박,5000(㎡),5903460(원),5766105(원),17717685(원),2000(원)/100000(원)
36,경상북도,봉화군,조미채소류 > 건고추 > 기타,5000(㎡),4120000(원),3747968(원),14174148(원),1700(원)/100000(원)
37,경상북도,예천군,약용작물류 > 오미자 > 오미자(일반),9900(㎡),30000000(원),8000000(원),50000000(원),5000(원)/30000(원)
38,경상북도,예천군,조미채소류 > 풋고추 > 풋고추(기타),3300(㎡),150000000(원),10000000(원),40000000(원),5000(원)/30000(원)
39,경상북도,예천군,과일과채류 > 토마토 > 토마토(일반),6600(㎡),105000000(원),45000000(원),70000000(원),5000(원)/30000(원)
40,경상북도,예천군,과실류 > 사과 > 사과(기타),9900(㎡),60000000(원),15000000(원),40000000(원),5000(원)/30000(원)
41,경상북도,성주군,과실류 > 사과 > 사과(기타),6600(㎡),40000000(원),7000000(원),150000000(원),1700(원)/150000(원)
42,경상북도,성주군,버섯류 > 표고버섯 > 표고버섯(일반),3300(㎡),200000000(원),50000000(원),150000000(원),1800(원)/150000(원)
43,경상북도,성주군,엽경채류 > 상추 > 상추(기타),9900(㎡),180000000(원),60000000(원),120000000(원),1800(원)/150000(원)
44,경상북도,성주군,과일과채류 > 참외 > 참외(기타),12500(㎡),80000000(원),50000000(원),150000000(원),2000(원)/160000(원)
45,경상북도,고령군,과일과채류 > 수박 > 수박(일반),6600(㎡),50000000(원),12000000(원),50000000(원),2000(원)/160000(원)
46,경상북도,고령군,과일과채류 > 메론 > 메론(기타),7920(㎡),60000000(원),12000000(원),48000000(원),2000(원)/160000(원)
47,경상북도,고령군,과일과채류 > 토마토 > 토마토(시설),1960(㎡),90000000(원),15000000(원),45000000(원),2000(원)/160000(원)
48,경상북도,고령군,과일과채류 > 딸기 > 고설딸기,3960(㎡),200000000(원),40000000(원),100000000(원),2000(원)/160000(원)
49,경상북도,고령군,과일과채류 > 딸기 > 딸기(기타),2970(㎡),75000000(원),30000000(원),75000000(원),2000(원)/160000(원)
50,경상북도,청도군,과일과채류 > 딸기 > 딸기(기타),5000(㎡),100000000(원),15000000(원),100000000(원),13000(원)/100000(원)
51,경상북도,청도군,엽경채류 > 미나리 > 미나리(일반),3000(㎡),9000000(원),3000000(원),42000000(원),13000(원)/100000(원)
52,경상북도,청도군,과실류 > 복숭아 > 털복숭아(일반),6000(㎡),10000000(원),3500000(원),24000000(원),1000(원)/100000(원)
53,경상북도,청도군,과실류 > 떫은감 > 반시,4000(㎡),9000000(원),3000000(원),24000000(원),1000(원)/100000(원)
54,경상북도,영덕군,과실류 > 복숭아 > 털복숭아(일반),6600(㎡),20000000(원),12000000(원),40000000(원),15000(원)/100000(원)
55,경상북도,영덕군,엽경채류 > 시금치 > 시금치(일반),10000(㎡),50000000(원),20000000(원),159000000(원),15000(원)/100000(원)
56,경상북도,영양군,과실류 > 사과 > 사과(기타),6000(㎡),50000000(원),7000000(원),50000000(원),1000(원)/100000(원)
57,경상북도,영양군,조미채소류 > 풋고추 > 풋고추(기타),3000(㎡),8100000(원),2500000(원),30000000(원),1000(원)/100000(원)
58,경상북도,청송군,조미채소류 > 풋고추 > 풋고추(기타),6600(㎡),200000000(원),30000000(원),50000000(원),30000(원)/60000(원)
59,경상북도,청송군,과실류 > 사과 > 사과(기타),6600(㎡),300000000(원),50000000(원),100000000(원),30000(원)/60000(원)
60,경상북도,의성군,과실류 > 복숭아 > 털복숭아(일반),3300(㎡),9000000(원),3000000(원),13000000(원),1000(원)/60000(원)
61,경상북도,의성군,과실류 > 자두 > 자두(일반),3300(㎡),9000000(원),3000000(원),13000000(원),1000(원)/60000(원)
62,경상북도,의성군,과실류 > 사과 > 사과(기타),8000(㎡),12000000(원),16000000(원),30000000(원),1000(원)/60000(원)
63,경상북도,의성군,조미채소류 > 마늘 > 마늘,3600(㎡),10000000(원),7000000(원),18000000(원),1000(원)/60000(원)
64,경상북도,군위군,조미채소류 > 마늘 > 마늘,66000(㎡),12000000(원),9000000(원),30000000(원),1500(원)/100000(원)
65,경상북도,군위군,과실류 > 자두 > 자두(일반),6600(㎡),10000000(원),7000000(원),20000000(원),1500(원)/100000(원)
66,경상북도,문경시,버섯류 > 표고버섯 > 표고버섯(일반),2000(㎡),40000000(원),15000000(원),45000000(원),2500(원)/100000(원)
67,경상북도,문경시,기타 > 시설하우스 > 시설채소,2000(㎡),40000000(원),15000000(원),45000000(원),2500(원)/100000(원)
68,경상북도,문경시,약용작물류 > 오미자 > 오미자(일반),6600(㎡),15000000(원),10000000(원),30000000(원),2500(원)/100000(원)
69,경상북도,문경시,과실류 > 사과 > 사과(기타),6600(㎡),25000000(원),13000000(원),40000000(원),2500(원)/100000(원)
70,경상북도,상주시,과실류 > 복숭아 > 털복숭아(일반),8250(㎡),50000000(원),10000000(원),60000000(원),1000(원)/100000(원)
71,경상북도,상주시,과채류 > 오이 > 시설오이,3300(㎡),300000000(원),40000000(원),150000000(원),1000(원)/100000(원)
72,경상북도,경주시,버섯류 > 기타 > 버섯(시설),330(㎡),200000000(원),30000000(원),80000000(원),1000(원)/100000(원)
73,경상북도,경주시,과실류 > 곶감 > 곶감(일반),66000(㎡),20000000(원),10000000(원),50000000(원),1000(원)/100000(원)
74,경상북도,상주시,과실류 > 포도 > 청포도,6600(㎡),100000000(원),10000000(원),100000000(원),1000(원)/100000(원)
75,경상북도,영천시,과실류 > 자두 > 자두(일반),5960(㎡),45000000(원),15000000(원),52000000(원),2500(원)/250000(원)
76,경상북도,영천시,과실류 > 사과 > 사과(기타),6500(㎡),40000000(원),15000000(원),45000000(원),2500(원)/250000(원)
77,경상북도,영천시,과실류 > 복숭아 > 털복숭아(일반),4960(㎡),20000000(원),15000000(원),25000000(원),2500(원)/250000(원)
78,경상북도,영천시,과실류 > 포도 > 포도(일반),5850(㎡),40000000(원),15000000(원),27000000(원),2500(원)/250000(원)
79,경상북도,영주시,과실류 > 사과 > 사과(기타),0(㎡),59000000(원),25000000(원),42000000(원),2000(원)/100000(원)
80,경상북도,영주시,과실류 > 포도 > 포도(일반),22000000(㎡),26000000(원),34000000(원),2000(원),2000(원)/100000(원)
81,경상북도,영주시,과실류 > 복숭아 > 털복숭아(일반),0(㎡),24000000(원),26000000(원),36000000(원),2000(원)/100000(원)
82,경상북도,구미시,과실류 > 복숭아 > 털복숭아(일반),1054(㎡),41640000(원),13880000(원),45150000(원),2000(원)/10000(원)
83,경상북도,구미시,서류 > 고구마 > 고구마,855(㎡),27150000(원),90500000(원),59640000(원),2000(원)/10000(원)
84,경상북도,구미시,과실류 > 사과 > 사과(기타),982(㎡),38820000(원),12940000(원),86340000(원),2000(원)/10000(원)
85,경상북도,안동시,과일과채류 > 수박 > 노지수박,16528(㎡),4467963(원),1489321(원),4532321(원),1000(원)/30000(원)
86,경상북도,안동시,과채류 > 호박 > 시설호박,14876(㎡),19934085(원),6644695(원),6827153(원),1000(원)/30000(원)
87,경상북도,안동시,과실류 > 사과 > 사과(기타),16530(㎡),6013026(원),2004342(원),3286938(원),1000(원)/30000(원)
88,경상북도,김천시,과일과채류 > 참외 > 참외(기타),2000(㎡),12300000(원),7000000(원),20000000(원),3300(원)/110000(원)
89,경상북도,김천시,과실류 > 복숭아 > 기타,5000(㎡),5100000(원),900000(원),25000000(원),3300(원)/110000(원)
90,경상북도,김천시,과실류 > 포도 > 포도(일반),3300(㎡),45000000(원),5000000(원),25000000(원),3300(원)/110000(원)
91,경상북도,김천시,과실류 > 자두 > 자두(일반),6600(㎡),3600000(원),600000(원),30000000(원),3300(원)/110000(원)
92,경상북도,경주시,엽경채류 > 부추 > 기타,10000(㎡),130000000(원),55000000(원),60000000(원),1000(원)/100000(원)
93,경상북도,경주시,과실류 > 포도 > 포도(일반),4500(㎡),22000000(원),25000000(원),30000000(원),1000(원)/100000(원)
94,경상북도,경주시,과실류 > 만감 > 한라봉,3300(㎡),130000000(원),5000000(원),50000000(원),1000(원)/100000(원)
95,경상북도,경주시,과일과채류 > 토마토 > 토마토(일반),3300(㎡),90000000(원),30000000(원),30000000(원),1000(원)/100000(원)
96,경상북도,포항시,과일과채류 > 딸기 > 딸기(기타),2500(㎡),300000000(원),30000000(원),70000000(원),150000(원)/250000(원)
97,경상북도,포항시,과실류 > 사과 > 사과(기타),20000(㎡),350000000(원),50000000(원),100000000(원),3000(원)/10000(원)
98,전라남도,신안군,엽경채류 > 시금치 > 시금치(일반),6400(㎡),6000000(원),4500000(원),13000000(원),3000(원)/100000(원)
99,전라남도,신안군,과실류 > 무화과 > 무화과(일반),6600(㎡),6000000(원),3000000(원),38000000(원),3000(원)/100000(원)
100,전라남도,신안군,조미채소류 > 풋고추 > 풋고추(기타),5000(㎡),8000000(원),4000000(원),15000000(원),3000(원)/100000(원)
101,전라남도,신안군,조미채소류 > 마늘 > 기타,3300(㎡),9000000(원),3000000(원),15000000(원),3000(원)/100000(원)
102,전라남도,진도군,조미채소류 > 풋고추 > 풋고추(기타),1200(㎡),11000000(원),3200000(원),13000000(원),700(원)/50000(원)
103,전라남도,진도군,약용작물류 > 구기자 > 구기자(일반),1000(㎡),10000000(원),3000000(원),10000000(원),700(원)/50000(원)
104,전라남도,진도군,조미채소류 > 대파 > 대파(일반),5000(㎡),10000000(원),6000000(원),15000000(원),700(원)/50000(원)
105,전라남도,장성군,과일과채류 > 토마토 > 토마토(일반),4400(㎡),96320000(원),60724000(원),52168000(원),1000(원)/50000(원)
106,전라남도,장성군,과일과채류 > 딸기 > 딸기(기타),3200(㎡),82000000(원),39900000(원),34220000(원),1000(원)/50000(원)
107,전라남도,장성군,과실류 > 포도 > 포도(일반),5400(㎡),16700000(원),9163000(원),24154200(원),1000(원)/50000(원)
108,전라남도,장성군,과실류 > 사과 > 사과(기타),8870(㎡),36200000(원),31484000(원),38220000(원),1000(원)/50000(원)
109,전라남도,영광군,조미채소류 > 양파 > 양파(일반),6600(㎡),15237000(원),8072000(원),8541000(원),1000(원)/45000(원)
110,전라남도,영광군,과실류 > 블루베리 > 블루베리(일반),3534(㎡),9521445(원),7350513(원),4129139(원),2000(원)/40000(원)
111,전라남도,영광군,과일과채류 > 딸기 > 딸기(기타),4643(㎡),40326768(원),25956918(원),2650880(원),4225(원)/75000(원)
112,전라남도,함평군,버섯류 > 기타 > 버섯(기타),2666(㎡),2205000(원),735000(원),1041000(원),3000(원)/75000(원)
113,전라남도,함평군,조미채소류 > 풋고추 > 풋고추(기타),1070(㎡),7242000(원),2414000(원),5891000(원),3000(원)/75000(원)
114,전라남도,함평군,조미채소류 > 양파 > 양파(일반),6870(㎡),19377000(원),6459000(원),17943000(원),3000(원)/75000(원)
115,전라남도,함평군,조미채소류 > 마늘 > 마늘,2918(㎡),10362000(원),3454000(원),8528000(원),3000(원)/75000(원)
116,전라남도,무안군,서류 > 고구마 > 고구마,10000(㎡),11161000(원),11086000(원),25404000(원),2000(원)/80000(원)
117,전라남도,무안군,조미채소류 > 마늘 > 마늘,5000(㎡),11862000(원),16378000(원),28998000(원),2000(원)/80000(원)
118,전라남도,무안군,미곡류 > 벼 > 벼(기타),20000(㎡),8535000(원),9497000(원),19063000(원),1000(원)/50000(원)
119,전라남도,영암군,과실류 > 배 > 배(기타),14500(㎡),110185000(원),73173000(원),116071000(원),0(원)/0(원)
120,전라남도,영암군,과실류 > 무화과 > 무화과(일반),5600(㎡),46581000(원),41624000(원),42800000(원),0(원)/0(원)
121,전라남도,영암군,서류 > 고구마 > 고구마,34200(㎡),82205000(원),47575000(원),83077000(원),1500(원)/70000(원)
122,전라남도,영암군,미곡류 > 쌀 > 쌀(기타),18300(㎡),18144000(원),9064000(원),18000000(원),1000(원)/60000(원)
123,전라남도,영암군,생축(가축)류 > 한우 > 한우,37(㎡),185692000(원),62250000(원),94279000(원),0(원)/0(원)
124,전라남도,해남군,과실류 > 무화과 > 무화과(일반),4300(㎡),33384000(원),11128000(원),25936000(원),0(원)/0(원)
125,전라남도,해남군,과채류 > 호박 > 밤호박,2000(㎡),1944000(원),648000(원),15052000(원),0(원)/0(원)
126,전라남도,해남군,엽경채류 > 배추 > 배추,13601(㎡),50289000(원),16763000(원),16763000(원),0(원)/0(원)
127,전라남도,해남군,서류 > 고구마 > 고구마,33900(㎡),143280000(원),47760000(원),71638000(원),0(원)/0(원)
128,전라남도,해남군,미곡류 > 쌀 > 쌀(기타),2140000(㎡),28665000(원),9555000(원),14218000(원),0(원)/0(원)
129,전라남도,화순군,생축(가축)류 > 젖소 > 기타 젖소,0(㎡),18339000(원),6113000(원),10056000(원),1188(원)/100000(원)
130,전라남도,화순군,과일과채류 > 토마토 > 토마토(일반),10(㎡),32733000(원),10911000(원),17456000(원),1188(원)/100000(원)
131,전라남도,화순군,생축(가축)류 > 돼지류 > 기타,0(㎡),927000(원),309000(원),371000(원),1188(원)/100000(원)
132,전라남도,화순군,생축(가축)류 > 한우 > 한우,0(㎡),5049000(원),4683000(원),2762000(원),1188(원)/100000(원)
133,전라남도,화순군,미곡류 > 벼 > 일반계,10(㎡),1269000(원),423000(원),983000(원),1188(원)/100000(원)
134,전라남도,보성군,과일과채류 > 방울토마토 > 방울토마토,4000(㎡),30000000(원),12145000(원),19839000(원),0(원)/53000(원)
135,전라남도,보성군,과일과채류 > 딸기 > 딸기(기타),4500(㎡),30000000(원),12364000(원),24138000(원),0(원)/53000(원)
136,전라남도,보성군,과실류 > 참다래(키위) > 참다래(키위)일반,3500(㎡),30000000(원),2140000(원),5720000(원),0(원)/52000(원)
137,전라남도,고흥군,과실류 > 참다래(키위) > 참다래(키위)일반,10000(㎡),7230000(원),18505300(원),29363400(원),1050(원)/25000(원)
138,전라남도,고흥군,산채류 > 취나물 > 취나물(일반),20000(㎡),1800000(원),21450300(원),42336400(원),250(원)/15200(원)
139,전라남도,고흥군,과일과채류 > 토마토 > 토마토(일반),2500(㎡),17780000(원),27845200(원),35080200(원),2250(원)/30000(원)
140,전라남도,고흥군,과실류 > 유자 > 유자(일반),20000(㎡),20710000(원),39948540(원),36617280(원),1200(원)/30000(원)
141,전라남도,고흥군,조미채소류 > 풋고추 > 풋고추(기타),10000(㎡),1738000(원),29008980(원),28873080(원),250(원)/15200(원)
142,전라남도,고흥군,과채류 > 오이 > 기타,2500(㎡),2720000(원),40212120(원),38447580(원),2540(원)/30000(원)
143,전라남도,고흥군,조미채소류 > 양파 > 양파(일반),50000(㎡),3720000(원),79225700(원),86875900(원),250(원)/15200(원)
144,전라남도,고흥군,조미채소류 > 마늘 > 마늘,50000(㎡),5730000(원),88482900(원),85943950(원),250(원)/15200(원)
145,전라남도,고흥군,생축(가축)류 > 한우 > 한우,80(㎡),23070000(원),125230000(원),78090250(원),21300(원)/100000(원)
146,전라남도,고흥군,미곡류 > 벼 > 벼(기타),200000(㎡),57800000(원),89263000(원),97205900(원),360(원)/22000(원)
147,전라남도,구례군,과채류 > 호박 > 애호박,3300(㎡),150000000(원),30000000(원),100000000(원),27000(원)/150000(원)
148,전라남도,구례군,과채류 > 오이 > 오이,3300(㎡),150000000(원),50000000(원),100000000(원),27000(원)/150000(원)
149,전라남도,구례군,기타동물생산물 > 꿀벌 > 양봉꿀,80(㎡),35000000(원),25000000(원),70000000(원),27000(원)/150000(원)
150,전라남도,구례군,버섯류 > 표고버섯 > 표고버섯(일반),2310(㎡),140000000(원),1000000(원),45000000(원),27000(원)/150000(원)
151,전라남도,곡성군,과실류 > 단감 > 감(기타),3902(㎡),20225708(원),14629770(원),22453362(원),0(원)/1974(원)
152,전라남도,곡성군,과실류 > 블루베리 > 블루베리(일반),3305(㎡),20618376(원),15807775(원),38257905(원),3584(원)/4994(원)
153,전라남도,곡성군,과일과채류 > 메론 > 메론(기타),1197(㎡),26627599(원),30557236(원),28716955(원),5612(원)/5000(원)
154,전라남도,곡성군,과일과채류 > 딸기 > 딸기(기타),1839(㎡),45658363(원),27457293(원),39537496(원),1939(원)/0(원)
155,전라남도,담양군,과실류 > 포도 > 포도(일반),1983(㎡),45000000(원),4000000(원),22000000(원),6500(원)/230000(원)
156,전라남도,담양군,과일과채류 > 딸기 > 딸기(기타),2644(㎡),80000000(원),20000000(원),60000000(원),8000(원)/200000(원)
157,전라남도,담양군,과일과채류 > 메론 > 메론(기타),3300(㎡),15000000(원),7000000(원),15000000(원),7500(원)/200000(원)
158,전라남도,담양군,과일과채류 > 방울토마토 > 방울토마토,3960(㎡),90000000(원),30000000(원),60000000(원),7500(원)/200000(원)
159,전라남도,담양군,과일과채류 > 토마토 > 토마토(일반),1983(㎡),50000000(원),7780000(원),26000000(원),7000(원)/170000(원)
160,전라남도,담양군,과일과채류 > 딸기 > 딸기(기타),2644(㎡),80000000(원),20000000(원),60000000(원),8000(원)/200000(원)
161,전라남도,광양시,과일과채류 > 토마토 > 토마토(시설),6000(㎡),0(원),34000000(원),68748000(원),300(원)/45000(원)
162,전라남도,광양시,과채류 > 호박 > 애호박(시설),3960(㎡),0(원),30500000(원),50140000(원),300(원)/45000(원)
163,전라남도,나주시,과채류 > 호박 > 호박(시설),4000(㎡),140000000(원),47227000(원),81734000(원),1000(원)/50000(원)
164,전라남도,나주시,엽경채류 > 기타 > 쌈채소,2000(㎡),3000000(원),10717000(원),22217000(원),1000(원)/50000(원)
165,전라남도,나주시,과일과채류 > 메론 > 메론(기타),5000(㎡),125000000(원),19581000(원),45682000(원),1000(원)/50000(원)
166,전라남도,나주시,과일과채류 > 딸기 > 딸기(기타),2000(㎡),7000000(원),27744000(원),54432000(원),1000(원)/50000(원)
167,전라남도,여수시,엽경채류 > 쑥 > 쑥(일반),2566(㎡),5280000(원),1760000(원),8759000(원),10000(원)/55000(원)
168,전라남도,여수시,약용작물류 > 방풍 > 방풍(기타),2310(㎡),5000000(원),1000000(원),2400000(원),3000(원)/200000(원)
169,전라남도,여수시,엽경채류 > 갓 > 돌산갓,2907(㎡),12000000(원),3242000(원),25045000(원),3000(원)/300000(원)
170,전라북도,진안군,약용작물류 > 오미자 > 오미자(일반),1000(㎡),6000000(원),1000000(원),7000000(원),30000(원)/100000(원)
171,전라북도,진안군,과실류 > 사과 > 사과(기타),5000(㎡),30000000(원),10000000(원),23000000(원),30000(원)/100000(원)
172,전라북도,진안군,조미채소류 > 풋고추 > 풋고추(기타),1000(㎡),2000000(원),900000(원),5000000(원),30000(원)/100000(원)
173,전라북도,진안군,약용작물류 > 인삼 > 인삼,3000(㎡),40000000(원),15000000(원),30000000(원),30000(원)/100000(원)
174,전라북도,정읍시,과실류 > 배 > 배(기타),10000(㎡),8100000(원),4400000(원),2970000(원),30000(원)/120000(원)
175,전라북도,정읍시,과일과채류 > 수박 > 수박(일반),6500(㎡),7500000(원),4110000(원),3220000(원),30000(원)/150000(원)
176,전라북도,정읍시,과실류 > 만감 > 기타,3000(㎡),23000000(원),7930000(원),4560000(원),30000(원)/150000(원)
177,전라북도,장수군,생축(가축)류 > 한우 > 한우,50(㎡),291000000(원),86000000(원),112500000(원),12000(원)/4500000(원)
178,전라북도,장수군,과일과채류 > 토마토 > 토마토(일반),3000(㎡),500000000(원),50000000(원),150000000(원),8000(원)/90000(원)
179,전라북도,장수군,약용작물류 > 오미자 > 오미자(일반),3000(㎡),15000000(원),15000000(원),10000000(원),5000(원)/80000(원)
180,전라북도,장수군,과실류 > 사과 > 사과(기타),10000(㎡),30000000(원),2000000(원),20000000(원),5000(원)/100000(원)
181,전라북도,임실군,과일과채류 > 토마토 > 토마토(일반),3300(㎡),70000000(원),20000000(원),40000000(원),1000(원)/50000(원)
182,전라북도,임실군,과실류 > 블루베리 > 블루베리(일반),3300(㎡),30000000(원),20000000(원),20000000(원),1000(원)/50000(원)
183,전라북도,임실군,버섯류 > 표고버섯 > 표고버섯(일반),15000(㎡),50000000(원),20000000(원),30000000(원),1000(원)/50000(원)
184,전라북도,익산시,버섯류 > 표고버섯 > 표고버섯(일반),2960(㎡),150000000(원),30000000(원),60000000(원),1600(원)/70000(원)
185,전라북도,익산시,엽경채류 > 상추 > 상추(기타),3960(㎡),120000000(원),20000000(원),50000000(원),1600(원)/70000(원)
186,전라북도,익산시,과일과채류 > 딸기 > 딸기(기타),3960(㎡),150000000(원),30000000(원),70000000(원),1600(원)/70000(원)
187,전라북도,완주군,과실류 > 곶감 > 곶감(일반),10000(㎡),50000000(원),20000000(원),50000000(원),1320(원)/150000(원)
188,전라북도,완주군,조미채소류 > 양파 > 기타,5000(㎡),20000000(원),10000000(원),30000000(원),1320(원)/150000(원)
189,전라북도,완주군,조미채소류 > 생강 > 생강(일반),7000(㎡),30000000(원),20000000(원),40000000(원),1320(원)/150000(원)
190,전라북도,완주군,과일과채류 > 딸기 > 딸기(기타),3000(㎡),100000000(원),40000000(원),80000000(원),1320(원)/150000(원)
191,전라북도,순창군,과일과채류 > 딸기 > 딸기(기타),2000(㎡),37600000(원),12000000(원),65000000(원),1500(원)/80000(원)
192,전라북도,순창군,과실류 > 블루베리 > 블루베리(일반),5000(㎡),54000000(원),18000000(원),15000000(원),1500(원)/80000(원)
193,전라북도,순창군,양채류 > 기타 > 쌈채,2000(㎡),29700000(원),9900000(원),24200000(원),1500(원)/80000(원)
194,전라북도,순창군,산채류 > 두릅 > 두릅(일반),6000(㎡),2500000(원),780000(원),500000(원),500(원)/30000(원)
195,전라북도,부안군,과실류 > 오디 > 오디(일반),2000(㎡),2100000(원),3500000(원),14000000(원),2000(원)/70000(원)
196,전라북도,부안군,서류 > 감자 > 감자(기타),11000(㎡),3500000(원),1500000(원),14300000(원),2000(원)/70000(원)
197,전라북도,부안군,과일과채류 > 수박 > 수박(일반),3000(㎡),6000000(원),2500000(원),22000000(원),2000(원)/70000(원)
198,전라북도,부안군,엽경채류 > 배추 > 기타,6400(㎡),4000000(원),1900000(원),7800000(원),2000(원)/70000(원)
199,전라북도,무주군,약용작물류 > 인삼 > 인삼,1500(㎡),8600000(원),5350000(원),24000000(원),1000(원)/150000(원)
200,전라북도,무주군,과실류 > 포도 > 포도(일반),2000(㎡),5700000(원),3370000(원),19540000(원),1000(원)/150000(원)
201,전라북도,무주군,과실류 > 사과 > 사과(기타),8200(㎡),10450000(원),5560000(원),34000000(원),1000(원)/150000(원)
202,전라북도,남원시,엽경채류 > 상추 > 상추(기타),1980(㎡),50000000(원),20000000(원),30000000(원),900(원)/100000(원)
203,전라북도,남원시,과실류 > 포도 > 포도(일반),5000(㎡),80000000(원),30000000(원),35000000(원),900(원)/100000(원)
204,전라북도,남원시,과일과채류 > 딸기 > 딸기(기타),1980(㎡),50000000(원),20000000(원),30000000(원),900(원)/100000(원)
205,전라북도,김제시,미곡류 > 벼 > 벼(기타),39600(㎡),0(원),16500000(원),40000000(원),1800(원)/50000(원)
206,전라북도,김제시,과실류 > 포도 > 포도(시설),3300(㎡),100000000(원),21461000(원),42292000(원),1800(원)/50000(원)
207,전라북도,김제시,조미채소류 > 풋고추 > 고추(시설),3300(㎡),100000000(원),39194000(원),72530000(원),1800(원)/50000(원)
208,전라북도,김제시,과일과채류 > 딸기 > 딸기(시설딸기),3300(㎡),250000000(원),50000000(원),100000000(원),1800(원)/50000(원)
209,전라북도,고창군,특용작물류 > 땅콩 > 땅콩(일반),3300(㎡),6100000(원),2050000(원),10000000(원),2000(원)/50000(원)
210,전라북도,고창군,조미채소류 > 풋고추 > 풋고추(기타),3300(㎡),2900000(원),1000000(원),12000000(원),2000(원)/50000(원)
211,전라북도,고창군,과일과채류 > 수박 > 수박(일반),3300(㎡),6700000(원),2300000(원),25000000(원),2000(원)/50000(원)
212,전라북도,고창군,약용작물류 > 복분자 > 복분자(일반),1980(㎡),3780000(원),1260000(원),12000000(원),2000(원)/50000(원)
213,전라북도,군산시,미곡류 > 쌀 > 쌀(기타),3600(㎡),15000000(원),5000000(원),20000000(원),1500(원)/100000(원)
214,충청남도,태안군,서류 > 고구마 > 고구마(기타),3300(㎡),27560000(원),11090000(원),18100000(원),2000(원)/200000(원)
215,충청남도,태안군,조미채소류 > 마늘 > 마늘,6600(㎡),27900000(원),86100000(원),15420000(원),2000(원)/200000(원)
216,충청남도,태안군,조미채소류 > 풋고추 > 풋고추(기타),3900(㎡),18000000(원),19300000(원),16300000(원),2000(원)/200000(원)
217,충청남도,예산군,조미채소류 > 쪽파 > 쪽파(시설),3960(㎡),50000000(원),18000000(원),35000000(원),1000(원)/150000(원)
218,충청남도,예산군,과일과채류 > 수박 > 수박(시설),3960(㎡),50000000(원),18000000(원),21000000(원),1000(원)/150000(원)
219,충청남도,예산군,과실류 > 블루베리 > 블루베리(일반),1650(㎡),15000000(원),15000000(원),10000000(원),1000(원)/150000(원)
220,충청남도,예산군,과실류 > 사과 > 사과(기타),4500(㎡),30000000(원),18000000(원),30000000(원),1000(원)/150000(원)
221,충청남도,홍성군,과일과채류 > 딸기 > 딸기(기타),1000(㎡),80000000(원),15000000(원),50000000(원),1200(원)/300000(원)
222,충청남도,홍성군,미곡류 > 벼 > 벼(기타),8000(㎡),10000000(원),10000000(원),15000000(원),900(원)/60000(원)
223,충청남도,홍성군,기타 > 기타 > 친환경 제철 꾸러미,2000(㎡),30000000(원),10000000(원),20000000(원),1200(원)/200000(원)
224,충청남도,청양군,버섯류 > 표고버섯 > 기타,1000(㎡),30000000(원),20000000(원),32000000(원),1200(원)/120000(원)
225,충청남도,청양군,과일과채류 > 토마토 > 토마토(시설),2700(㎡),20000000(원),8000000(원),29000000(원),1000(원)/120000(원)
226,충청남도,청양군,약용작물류 > 구기자 > 시설구기자,1320(㎡),6000000(원),2400000(원),12000000(원),800(원)/100000(원)
227,충청남도,청양군,조미채소류 > 풋고추 > 고추(시설),2700(㎡),9000000(원),4500000(원),18000000(원),750(원)/100000(원)
228,충청남도,서천군,콩류 > 강낭콩 > 덩굴강낭콩(시설),2640(㎡),55000000(원),3000000(원),25000000(원),70000(원)/100000(원)
229,충청남도,서천군,서류 > 감자 > 감자(시설),2640(㎡),55000000(원),3000000(원),22600000(원),0(원)/70000(원)
230,충청남도,서천군,양채류 > 기타 > 쌈채(시설),1980(㎡),42000000(원),3000000(원),16000000(원),0(원)/70000(원)
231,충청남도,서천군,조미채소류 > 풋고추 > 고추(시설),1980(㎡),45000000(원),6000000(원),17000000(원),0(원)/70000(원)
232,충청남도,부여군,수실류 > 밤 > 밤(일반),10000(㎡),60000000(원),12000000(원),10000000(원),2000(원)/120000(원)
233,충청남도,부여군,과일과채류 > 딸기 > 딸기(기타),1200(㎡),150000000(원),30000000(원),12600000(원),2000(원)/120000(원)
234,충청남도,부여군,과일과채류 > 수박 > 수박(일반),3300(㎡),450000000(원),100000000(원),30000000(원),2000(원)/120000(원)
235,충청남도,부여군,과일과채류 > 토마토 > 토마토(일반),3300(㎡),450000000(원),100000000(원),30000000(원),2000(원)/120000(원)
236,충청남도,금산군,생축(가축)류 > 돼지류 > 기타,0(㎡),0(원),0(원),13039000(원),0(원)/0(원)
237,충청남도,금산군,생축(가축)류 > 한우 > 한우,0(㎡),0(원),0(원),16293000(원),0(원)/0(원)
238,충청남도,금산군,조미채소류 > 풋고추 > 풋고추(기타),0(㎡),0(원),0(원),16905000(원),0(원)/0(원)
239,충청남도,금산군,특용작물류 > 들깨 > 잎들깨,0(㎡),0(원),0(원),52000000(원),0(원)/0(원)
240,충청남도,금산군,약용작물류 > 인삼 > 인삼,0(㎡),0(원),0(원),73500000(원),0(원)/0(원)
241,충청남도,당진시,과채류 > 호박 > 단호박,3960(㎡),15000000(원),3000000(원),14000000(원),0(원)/0(원)
242,충청남도,당진시,서류 > 고구마 > 고구마(기타),19800(㎡),53160000(원),17720000(원),28000000(원),0(원)/0(원)
243,충청남도,당진시,조미채소류 > 꽈리고추 > 꽈리고추(일반),2970(㎡),90025000(원),25000000(원),34000000(원),0(원)/0(원)
244,충청남도,당진시,미곡류 > 쌀 > 쌀(기타),69300(㎡),86100000(원),28700000(원),42700000(원),0(원)/0(원)
245,충청남도,계룡시,엽경채류 > 상추 > 상추(기타),1320(㎡),55000000(원),4500000(원),18000000(원),5000(원)/400000(원)
246,충청남도,계룡시,과일과채류 > 방울토마토 > 방울토마토,2640(㎡),82000000(원),12000000(원),45000000(원),5000(원)/400000(원)
247,충청남도,계룡시,과일과채류 > 딸기 > 딸기(기타),1650(㎡),57000000(원),15000000(원),50000000(원),5000(원)/400000(원)
248,충청남도,논산시,과일과채류 > 토마토 > 토마토(일반),5000(㎡),300000000(원),80000000(원),120000000(원),2500(원)/130000(원)
249,충청남도,논산시,특용작물류 > 들깨 > 잎들깨,1000(㎡),100000000(원),20000000(원),40000000(원),2500(원)/130000(원)
250,충청남도,논산시,엽경채류 > 상추 > 상추(기타),6000(㎡),200000000(원),30000000(원),60000000(원),2500(원)/130000(원)
251,충청남도,논산시,과일과채류 > 딸기 > 딸기(기타),2000(㎡),200000000(원),30000000(원),60000000(원),2500(원)/130000(원)
252,충청남도,서산시,조미채소류 > 풋고추 > 풋고추(기타),990(㎡),2000000(원),2000000(원),11880000(원),1000(원)/10000(원)
253,충청남도,서산시,조미채소류 > 마늘 > 기타,3300(㎡),4000000(원),3000000(원),26400000(원),1000(원)/10000(원)
254,충청남도,서산시,조미채소류 > 생강 > 생강(일반),3300(㎡),6000000(원),5000000(원),33000000(원),1000(원)/100000(원)
255,충청남도,보령시,과일과채류 > 방울토마토 > 방울토마토,2644(㎡),100000000(원),40000000(원),55000000(원),800(원)/50000(원)
256,충청남도,보령시,서류 > 고구마 > 고구마(기타),9900(㎡),50000000(원),20000000(원),47000000(원),800(원)/50000(원)
257,충청남도,보령시,과실류 > 포도 > 포도(일반),8250(㎡),100000000(원),20000000(원),20000000(원),800(원)/50000(원)
258,충청남도,보령시,버섯류 > 양송이 > 양송이(일반),792(㎡),400000000(원),120000000(원),250000000(원),800(원)/50000(원)
259,충청남도,공주시,과실류 > 복숭아 > 털복숭아(일반),11000(㎡),12000000(원),35000000(원),30000000(원),0(원)/25000(원)
260,충청남도,공주시,과실류 > 참다래(키위) > 기타,10000(㎡),11000000(원),20000000(원),15000000(원),0(원)/30000(원)
261,충청남도,공주시,수실류 > 밤 > 밤(일반),16000(㎡),14000000(원),4500000(원),6500000(원),0(원)/20000(원)
262,충청남도,공주시,버섯류 > 표고버섯 > 표고버섯(일반),7000(㎡),90000000(원),15000000(원),20000000(원),0(원)/200000(원)
263,충청남도,천안시,과일과채류 > 메론 > 메론(기타),4000(㎡),72000000(원),19000000(원),20000000(원),1500(원)/200000(원)
264,충청남도,천안시,과채류 > 오이 > 오이,2000(㎡),61000000(원),12500000(원),16000000(원),1500(원)/200000(원)
265,충청남도,천안시,과실류 > 포도 > 포도(일반),6000(㎡),76000000(원),23800000(원),18000000(원),1500(원)/200000(원)
266,충청남도,천안시,과실류 > 배 > 배(기타),10000(㎡),113000000(원),25200000(원),34000000(원),1500(원)/200000(원)
267,충청북도,단양군,산채류 > 산마늘 > 산마늘(일반),2025(㎡),2081500(원),1937000(원),6193990(원),0(원)/0(원)
268,충청북도,음성군,버섯류 > 기타 > 버섯(시설),3000(㎡),300000000(원),60000000(원),80000000(원),300(원)/100000(원)
269,충청북도,음성군,기타화훼 > 화훼(시설) > 화훼(시설),1000(㎡),300000000(원),50000000(원),80000000(원),300(원)/100000(원)
270,충청북도,음성군,과실류 > 복숭아 > 털복숭아(일반),10000(㎡),150000000(원),80000000(원),50000000(원),300(원)/100000(원)
271,충청북도,음성군,과일과채류 > 수박 > 수박(일반),10000(㎡),100000000(원),50000000(원),50000000(원),300(원)/100000(원)
272,충청북도,괴산군,엽경채류 > 배추 > 배추,3000(㎡),5000000(원),2000000(원),20000000(원),1500(원)/150000(원)
273,충청북도,괴산군,잡곡류 > 옥수수 > 옥수수(기타),2100(㎡),2500000(원),1700000(원),6000000(원),1500(원)/150000(원)
274,충청북도,괴산군,서류 > 감자 > 감자(기타),1800(㎡),3000000(원),1500000(원),6000000(원),1500(원)/150000(원)
275,충청북도,진천군,과일과채류 > 수박 > 수박(일반),6840(㎡),120000000(원),24000000(원),72000000(원),9405(원)/120000(원)
276,충청북도,진천군,과일과채류 > 방울토마토 > 방울토마토,3420(㎡),70000000(원),35000000(원),80000000(원),9405(원)/120000(원)
277,충청북도,진천군,과채류 > 오이 > 오이,4560(㎡),112000000(원),36000000(원),120000000(원),9405(원)/120000(원)
278,충청북도,증평군,엽경채류 > 배추 > 절임배추,0(㎡),0(원),2000000(원),4000000(원),50000(원)/100000(원)
279,충청북도,증평군,기타 > 시설하우스 > 시설채소,3000(㎡),0(원),4000000(원),7000000(원),50000(원)/100000(원)
280,충청북도,증평군,생축(가축)류 > 돼지류 > 홍삼포크,1100(㎡),0(원),40000000(원),50000000(원),50000(원)/100000(원)
281,충청북도,증평군,약용작물류 > 인삼 > 인삼,20000(㎡),0(원),37000000(원),44000000(원),50000(원)/100000(원)
282,충청북도,영동군,과실류 > 곶감 > 곶감(일반),3500(㎡),23000000(원),12000000(원),24000000(원),2000(원)/10000(원)
283,충청북도,영동군,과실류 > 사과 > 사과(기타),7800(㎡),26000000(원),13000000(원),35000000(원),2000(원)/10000(원)
284,충청북도,영동군,과실류 > 복숭아 > 털복숭아(일반),4800(㎡),20000000(원),8000000(원),20000000(원),2000(원)/10000(원)
285,충청북도,영동군,과실류 > 포도 > 포도(일반),4800(㎡),21000000(원),8000000(원),20000000(원),2000(원)/10000(원)
286,충청북도,옥천군,목재류 > 묘목 > 묘목,42975(㎡),100000000(원),100000000(원),70000000(원),2000(원)/80000(원)
287,충청북도,옥천군,약용작물류 > 인삼 > 인삼,10797(㎡),59559280(원),29779640(원),12476900(원),2000(원)/80000(원)
288,충청북도,옥천군,과실류 > 포도 > 포도(시설),5545(㎡),36439060(원),18219530(원),18925760(원),2000(원)/80000(원)
289,충청북도,옥천군,과실류 > 복숭아 > 털복숭아(일반),3760(㎡),14808229(원),7404110(원),11330372(원),2000(원)/80000(원)
290,충청북도,보은군,생축(가축)류 > 한우 > 한우,50(㎡),150000000(원),50000000(원),80000000(원),700(원)/50000(원)
291,충청북도,보은군,과실류 > 사과 > 사과(기타),10000(㎡),70000000(원),22430000(원),49000000(원),700(원)/50000(원)
292,충청북도,보은군,수실류 > 대추 > 대추(일반),10000(㎡),150000000(원),8000000(원),40000000(원),700(원)/50000(원)
293,충청북도,제천시,양채류 > 기타 > 양채류(기타),10000(㎡),30000000(원),8000000(원),30000000(원),700(원)/50000(원)
294,충청북도,제천시,과실류 > 사과 > 사과(기타),10000(㎡),60000000(원),20000000(원),50000000(원),700(원)/50000(원)
295,충청북도,충주시,과일과채류 > 딸기 > 딸기(기타),2640(㎡),200000000(원),40000000(원),410000000(원),1000(원)/100000(원)
296,충청북도,충주시,수실류 > 밤 > 밤(일반),40000(㎡),95000000(원),18000000(원),33000000(원),1000(원)/100000(원)
297,충청북도,충주시,과실류 > 복숭아 > 기타,10000(㎡),120000000(원),17000000(원),28000000(원),1000(원)/100000(원)
298,충청북도,충주시,과실류 > 사과 > 사과(기타),10000(㎡),200000000(원),20000000(원),30000000(원),1000(원)/100000(원)
299,충청북도,청주시,버섯류 > 느타리버섯 > 느타리버섯(일반),4200(㎡),54600000(원),58800000(원),200000000(원),20000(원)/150000(원)
300,충청북도,청주시,과일과채류 > 수박 > 수박(일반),8400(㎡),18000000(원),20748000(원),150000000(원),20000(원)/150000(원)
301,충청북도,청주시,과일과채류 > 딸기 > 딸기(기타),5800(㎡),49091000(원),54386000(원),150000000(원),20000(원)/150000(원)
302,충청북도,청주시,과채류 > 호박 > 애호박(시설),10000(㎡),50170000(원),55770000(원),100000000(원),20000(원)/150000(원)
303,강원도,횡성군,조미채소류 > 풋고추 > 풋고추(기타),1500(㎡),20000000(원),7000000(원),22000000(원),500(원)/100000(원)
304,강원도,횡성군,과일과채류 > 토마토 > 토마토(일반),2000(㎡),25000000(원),10000000(원),25000000(원),500(원)/100000(원)
305,강원도,횡성군,생축(가축)류 > 한우 > 한우,50(㎡),100000000(원),20000000(원),30000000(원),500(원)/100000(원)
306,강원도,횡성군,산채류 > 더덕 > 더덕(일반),5000(㎡),20000000(원),5000000(원),10000000(원),500(원)/100000(원)
307,강원도,홍천군,산채류 > 산마늘 > 산마늘(일반),3000(㎡),27000000(원),3600000(원),13500000(원),1000(원)/150000(원)
308,강원도,홍천군,약용작물류 > 구기자 > 구기자(일반),1000(㎡),6000000(원),4000000(원),10000000(원),1000(원)/150000(원)
309,강원도,홍천군,약용작물류 > 오미자 > 오미자(일반),3000(㎡),20000000(원),4500000(원),11000000(원),1000(원)/150000(원)
310,강원도,홍천군,과실류 > 복숭아 > 털복숭아(일반),5000(㎡),7500000(원),5000000(원),25000000(원),1000(원)/150000(원)
311,강원도,홍천군,과실류 > 사과 > 사과(기타),5000(㎡),37000000(원),12500000(원),30000000(원),1000(원)/150000(원)
312,강원도,평창군,산채류 > 기타 > 산채류(기타),5000(㎡),50000000(원),5000000(원),25000000(원),0(원)/0(원)
313,강원도,평창군,과실류 > 사과 > 사과(기타),10000(㎡),100000000(원),10000000(원),50000000(원),0(원)/0(원)
314,강원도,철원군,과일과채류 > 토마토 > 토마토(일반),2000(㎡),9000000(원),6000000(원),20000000(원),500(원)/100000(원)
315,강원도,철원군,양채류 > 파프리카 > 파프리카(일반),2000(㎡),12000000(원),9000000(원),25000000(원),500(원)/100000(원)
316,강원도,철원군,미곡류 > 쌀 > 쌀(기타),20000(㎡),6000000(원),5000000(원),15000000(원),500(원)/100000(원)
317,강원도,정선군,과일과채류 > 토마토 > 토마토(일반),3000(㎡),95000000(원),7000000(원),30000000(원),300(원)/40000(원)
318,강원도,정선군,과실류 > 사과 > 사과(기타),4500(㎡),39150000(원),5000000(원),37500000(원),300(원)/40000(원)
319,강원도,인제군,과실류 > 사과 > 사과(기타),3000(㎡),26000000(원),11000000(원),26000000(원),2000(원)/150000(원)
320,강원도,인제군,조미채소류 > 풋고추 > 고추(시설),3000(㎡),70000000(원),9000000(원),38000000(원),2000(원)/150000(원)
321,강원도,인제군,산채류 > 취나물 > 곰취나물,2000(㎡),43000000(원),6000000(원),21000000(원),2000(원)/150000(원)
322,강원도,인제군,약용작물류 > 오미자 > 오미자(일반),3300(㎡),41000000(원),8000000(원),20000000(원),2000(원)/150000(원)
323,강원도,양양군,과실류 > 복숭아 > 기타,5000(㎡),20000000(원),3200000(원),35000000(원),0(원)/0(원)
324,강원도,양양군,산채류 > 기타 > 산채류(기타),10000(㎡),15000000(원),2700000(원),25000000(원),0(원)/0(원)
325,강원도,양양군,버섯류 > 느타리버섯 > 느타리버섯(일반),231(㎡),21000000(원),4200000(원),30000000(원),0(원)/0(원)
326,강원도,양구군,과실류 > 사과 > 사과(기타),9166(㎡),44639000(원),30400000(원),76000000(원),1000(원)/60000(원)
327,강원도,양구군,산채류 > 취나물 > 곰취나물,1975(㎡),38901000(원),6400000(원),16000000(원),1000(원)/60000(원)
328,강원도,양구군,과일과채류 > 메론 > 메론(기타),2600(㎡),51212000(원),9600000(원),24000000(원),1000(원)/60000(원)
329,강원도,양구군,과일과채류 > 수박 > 기타,4800(㎡),94510000(원),16400000(원),41000000(원),1000(원)/60000(원)
330,강원도,속초시,조미채소류 > 풋고추 > 풋고추(기타),1000(㎡),6000000(원),2000000(원),6000000(원),3000(원)/400000(원)
331,강원도,속초시,미곡류 > 쌀 > 쌀(기타),10000(㎡),6000000(원),2000000(원),10000000(원),1000(원)/300000(원)
332,강원도,삼척시,산채류 > 기타 > 산채류(기타),500(㎡),6000000(원),10500000(원),17050000(원),20000(원)/60000(원)
333,강원도,삼척시,엽경채류 > 상추 > 상추(시설),2000(㎡),6200000(원),10228000(원),8094000(원),2000(원)/60000(원)
334,강원도,삼척시,잡곡류 > 옥수수 > 찰옥수수,5000(㎡),21000000(원),2800000(원),4980000(원),2000(원)/60000(원)
335,강원도,삼척시,과일과채류 > 딸기 > 딸기(시설딸기),2000(㎡),17000000(원),22512000(원),24000000(원),2000(원)/60000(원)
336,강원도,동해시,과일과채류 > 딸기 > 딸기(기타),2640(㎡),37000000(원),5000000(원),50000000(원),2000(원)/400000(원)
337,강원도,고성군,미곡류 > 쌀 > 쌀(기타),14000(㎡),3000000(원),6000000(원),20000000(원),1000(원)/100000(원)
338,경기도,연천군,조미채소류 > 풋고추 > 풋고추(기타),2000(㎡),20000000(원),5000000(원),20000000(원),1000(원)/200000(원)
339,경기도,연천군,과채류 > 오이 > 시설오이,2000(㎡),20000000(원),7000000(원),20000000(원),5000(원)/200000(원)
340,경기도,연천군,잡곡류 > 율무 > 기타,10000(㎡),10000000(원),3000000(원),6500000(원),1000(원)/200000(원)
341,경기도,연천군,콩류 > 콩 > 콩(일반),10000(㎡),10000000(원),3000000(원),7000000(원),1000(원)/200000(원)
342,경기도,가평군,미곡류 > 쌀 > 쌀(기타),6970(㎡),0(원),0(원),7689000(원),0(원)/0(원)
343,경기도,가평군,과실류 > 포도 > 포도(기타),7010(㎡),0(원),0(원),42111000(원),0(원)/0(원)
344,경기도,가평군,과실류 > 사과 > 사과(기타),6080(㎡),0(원),0(원),31834000(원),0(원)/0(원)
345,경기도,여주시,조미채소류 > 풋고추 > 풋고추(기타),2000(㎡),7200000(원),2400000(원),12000000(원),1000(원)/350000(원)
346,경기도,여주시,서류 > 고구마 > 고구마(기타),33000(㎡),22500000(원),7500000(원),50000000(원),1500(원)/300000(원)
347,경기도,여주시,과채류 > 가지 > 가지(일반),3300(㎡),96000000(원),32000000(원),80000000(원),2000(원)/300000(원)
348,경기도,시흥시,미곡류 > 쌀 > 쌀(기타),6600(㎡),6000000(원),2000000(원),12000000(원),10000(원)/500000(원)
349,경기도,안성시,과실류 > 배 > 배(기타),0(㎡),0(원),2637689(원),3539027(원),0(원)/0(원)
350,경기도,안성시,과실류 > 포도 > 포도(기타),0(㎡),0(원),4151849(원),6890559(원),0(원)/0(원)
351,경기도,남양주시,과일과채류 > 딸기 > 딸기(기타),3000(㎡),70000000(원),30000000(원),40000000(원),6990(원)/349360(원)
352,경기도,남양주시,과실류 > 배 > 배(기타),10000(㎡),600000000(원),20000000(원),40000000(원),1660(원)/149730(원)
353,충청북도,제천시,약용작물류 > 오미자 > 오미자(일반),5000(㎡),50000000(원),20000000(원),0(원),1000(원)/350000(원)
354,충청북도,제천시,약용작물류 > 황기 > 황기(일반),12000(㎡),10000000(원),5000000(원),25000000(원),1000(원)/150000(원)
355,강원도,홍천군,과실류 > 복숭아 > 대홍,20000(㎡),6000000(원),1971000(원),5400000(원),1000(원)/30000(원)
356,경상남도,고성군,과실류 > 블루베리 > 블루베리(일반),4500(㎡),30000000(원),10000000(원),26000000(원),1100(원)/100000(원)
357,경상남도,고성군,엽경채류 > 시금치 > 기타,10000(㎡),20000000(원),9000000(원),30000000(원),2000(원)/100000(원)
358,제주특별자치도,서귀포시,과실류 > 오렌지 > 천혜향,1000(㎡),16410000(원),5470000(원),7620000(원),10000(원)/500000(원)
359,제주특별자치도,서귀포시,과실류 > 만감 > 한라봉,1000(㎡),17520000(원),5840000(원),4330000(원),10000(원)/500000(원)
360,제주특별자치도,서귀포시,과실류 > 감귤 > 하우스감귤,1000(㎡),3420000(원),1140000(원),12020000(원),10000(원)/500000(원)
361,제주특별자치도,서귀포시,과실류 > 감귤 > 비가림감귤,1000(㎡),13700000(원),4570000(원),4760000(원),10000(원)/500000(원)
362,제주특별자치도,서귀포시,과실류 > 감귤 > 감귤(일반),1000(㎡),3630000(원),1210000(원),2410000(원),2000(원)/300000(원)
363,제주특별자치도,서귀포시,조미채소류 > 양파 > 조생양파,1000(㎡),5250000(원),1750000(원),1640000(원),1000(원)/100000(원)
364,제주특별자치도,서귀포시,조미채소류 > 마늘 > 마늘,1000(㎡),7060000(원),2360000(원),2030000(원),1000(원)/100000(원)
365,제주특별자치도,서귀포시,조미채소류 > 마늘 > 풋마늘,1000(㎡),6770000(원),2256000(원),3116000(원),1000(원)/100000(원)
366,제주특별자치도,서귀포시,조미채소류 > 쪽파 > 쪽파(일반),1000(㎡),5100000(원),1700000(원),3060000(원),1000(원)/100000(원)
367,제주특별자치도,서귀포시,양채류 > 브로코리(녹색꽃양배추) > 브로코리(일반),1000(㎡),3660000(원),1220000(원),1950000(원),1000(원)/100000(원)
368,제주특별자치도,서귀포시,엽경채류 > 양배추 > 양배추(일반),1000(㎡),2970000(원),990000(원),830000(원),1000(원)/100000(원)
369,제주특별자치도,서귀포시,근채류 > 당근 > 당근(일반),1000(㎡),5100000(원),1700000(원),1460000(원),1000(원)/100000(원)
370,제주특별자치도,서귀포시,근채류 > 무 > 월동무,1000(㎡),3370000(원),1130000(원),780000(원),1000(원)/100000(원)
371,제주특별자치도,서귀포시,과일과채류 > 딸기 > 딸기(기타),1000(㎡),7260000(원),2420000(원),2160000(원),1000(원)/100000(원)
372,제주특별자치도,서귀포시,과일과채류 > 수박 > 노지수박,1000(㎡),2940000(원),980000(원),1280000(원),1000(원)/100000(원)
373,제주특별자치도,서귀포시,서류 > 감자 > 감자(기타),1000(㎡),5000000(원),1670000(원),1880000(원),1000(원)/100000(원)
374,제주특별자치도,서귀포시,서류 > 감자 > 가을감자,1000(㎡),4200000(원),1400000(원),1290000(원),1000(원)/100000(원)
375,경상남도,함양군,과실류 > 곶감 > 곶감(일반),7800(㎡),4500000(원),4500000(원),38000000(원),60000(원)/100000(원)
376,경상남도,함양군,과실류 > 블루베리 > 블루베리(일반),3400(㎡),7000000(원),7000000(원),14600000(원),60000(원)/100000(원)
377,경상남도,함양군,조미채소류 > 양파 > 양파(일반),8900(㎡),30000000(원),30000000(원),41600000(원),60000(원)/100000(원)
378,경상남도,함양군,과일과채류 > 딸기 > 딸기(시설딸기),4400(㎡),10000000(원),10000000(원),71000000(원),60000(원)/100000(원)
379,경상남도,하동군,과실류 > 단감 > 대봉감,10000(㎡),10000000(원),6000000(원),19000000(원),1400(원)/125000(원)
380,경상남도,하동군,과실류 > 매실 > 매실(일반),10000(㎡),10000000(원),8000000(원),15000000(원),1400(원)/125000(원)
381,경상남도,하동군,산채류 > 취나물 > 취나물(일반),7000(㎡),100000000(원),12600000(원),19500000(원),1400(원)/125000(원)
382,경상남도,하동군,과일과채류 > 딸기 > 딸기(기타),5000(㎡),100000000(원),50000000(원),40000000(원),1400(원)/125000(원)
383,경상남도,통영시,서류 > 고구마 > 고구마,2640(㎡),2020000(원),2450000(원),7000000(원),5000(원)/100000(원)
384,경상남도,통영시,조미채소류 > 마늘 > 마늘,1380(㎡),1500000(원),2000000(원),5100000(원),5000(원)/100000(원)
385,경상남도,통영시,엽경채류 > 시금치 > 시금치(일반),1300(㎡),550000(원),800000(원),3100000(원),5000(원)/100000(원)
386,경상남도,창원시,근채류 > 당근 > 당근(일반),3300(㎡),25000000(원),5000000(원),35000000(원),1000(원)/200000(원)
387,경상남도,창원시,과일과채류 > 수박 > 수박(일반),3300(㎡),30000000(원),5000000(원),40000000(원),1000(원)/200000(원)
388,경상남도,창원시,과실류 > 단감 > 감(기타),3300(㎡),15000000(원),3000000(원),20000000(원),1000(원)/200000(원)
389,경상남도,창녕군,조미채소류 > 풋고추 > 청초(일반),1320(㎡),40000000(원),10000000(원),25000000(원),2000(원)/200000(원)
390,경상남도,창녕군,과채류 > 오이 > 오이,1320(㎡),40000000(원),5000000(원),20000000(원),2000(원)/200000(원)
391,경상남도,창녕군,엽경채류 > 상추 > 청상추,660(㎡),24000000(원),3000000(원),18000000(원),2000(원)/200000(원)
392,경상남도,진주시,조미채소류 > 풋고추 > 청초(일반),4000(㎡),100000000(원),30000000(원),50000000(원),10000(원)/100000(원)
393,경상남도,진주시,과채류 > 호박 > 호박(기타),4000(㎡),100000000(원),30000000(원),40000000(원),10000(원)/100000(원)
394,경상남도,진주시,과일과채류 > 딸기 > 딸기(기타),4000(㎡),120000000(원),35000000(원),60000000(원),10000(원)/100000(원)
395,경상남도,산청군,산채류 > 고사리 > 생고사리,1650(㎡),10000000(원),10000000(원),8000000(원),1000(원)/100000(원)
396,경상남도,산청군,산채류 > 도라지 > 도라지(일반),3300(㎡),8000000(원),8000000(원),20000000(원),1000(원)/100000(원)
397,경상남도,산청군,과실류 > 곶감 > 곶감(일반),3000(㎡),10000000(원),10000000(원),40000000(원),1000(원)/100000(원)
398,경상남도,산청군,과일과채류 > 딸기 > 딸기(기타),4950(㎡),170000000(원),60000000(원),70000000(원),1500(원)/150000(원)
399,경상남도,사천시,과실류 > 단감 > 감(기타),5202(㎡),849000(원),1242000(원),2851000(원),2000(원)/300000(원)
400,경상남도,사천시,과실류 > 참다래(키위) > 참다래(키위)일반,4807(㎡),1730000(원),2160000(원),5014000(원),2000(원)/300000(원)
401,경상남도,사천시,과일과채류 > 토마토 > 토마토(일반),4381(㎡),16707000(원),20369000(원),40036000(원),2000(원)/300000(원)
402,경상남도,사천시,과일과채류 > 딸기 > 딸기(기타),2988(㎡),7180000(원),8858000(원),20897000(원),2000(원)/300000(원)
403,경상남도,밀양시,미곡류 > 쌀 > 일반미(쌀 일반),9559(㎡),0(원),15928000(원),21996000(원),3000(원)/250000(원)
404,경상남도,밀양시,과일과채류 > 딸기 > 딸기(기타),7024(㎡),0(원),19198000(원),30028000(원),3000(원)/250000(원)
405,경상남도,밀양시,과실류 > 사과 > 사과(기타),4254(㎡),0(원),27869000(원),30192000(원),3000(원)/250000(원)
406,경상남도,밀양시,조미채소류 > 풋고추 > 고추(시설),3993(㎡),0(원),67848000(원),55512000(원),3000(원)/250000(원)
407,경상남도,김해시,과일과채류 > 딸기 > 딸기(시설딸기),5940(㎡),52000000(원),33000000(원),90000000(원),2000(원)/350000(원)
408,경상남도,김해시,과일과채류 > 참외 > 참외(시설),3630(㎡),40000000(원),9000000(원),24000000(원),2000(원)/350000(원)
409,경상남도,고성군,과채류 > 호박 > 호박(시설),6000(㎡),150000000(원),32000000(원),80000000(원),2000(원)/100000(원)
410,경상남도,고성군,과일과채류 > 딸기 > 딸기(시설딸기),4000(㎡),150000000(원),40000000(원),90000000(원),2000(원)/100000(원)
411,경상남도,거창군,과일과채류 > 딸기 > 딸기(기타),3300(㎡),90000000(원),40000000(원),100000000(원),0(원)/130000(원)
412,경상남도,거창군,과실류 > 사과 > 사과(기타),6600(㎡),75000000(원),18000000(원),38000000(원),0(원)/75000(원)
413,경상남도,거제시,과실류 > 포도 > 포도(일반),2314(㎡),14000000(원),4000000(원),25000000(원),3000(원)/300000(원)
414,경상남도,거제시,선인장/다육식물류 > 알로에 > 알로에(일반),2000(㎡),5000000(원),1000000(원),10000000(원),3000(원)/300000(원)
415,경상남도,거제시,과실류 > 만감 > 한라봉,1984(㎡),30000000(원),6000000(원),25000000(원),3000(원)/300000(원)
416,경상남도,거제시,양채류 > 파프리카 > 파프리카(일반),3636(㎡),150000000(원),60000000(원),220000000(원),3000(원)/300000(원)
417,경상북도,포항시,버섯류 > 기타 > 버섯(기타),500(㎡),200000000(원),15000000(원),45000000(원),3000(원)/150000(원)
418,경상북도,포항시,과일과채류 > 딸기 > 딸기(기타),2400(㎡),300000000(원),25000000(원),65000000(원),3000(원)/150000(원)
419,경상북도,포항시,과실류 > 사과 > 사과(기타),20000(㎡),320000000(원),20000000(원),80000000(원),3000(원)/150000(원)
420,경상북도,청송군,조미채소류 > 홍고추 > 홍고추(일반),6600(㎡),200000000(원),30000000(원),50000000(원),30000(원)/60000(원)
421,경상북도,청송군,과실류 > 사과 > 후지,6600(㎡),300000000(원),50000000(원),100000000(원),30000(원)/60000(원)
422,경상북도,청도군,과일과채류 > 딸기 > 딸기(기타),5000(㎡),100000000(원),15000000(원),70000000(원),1000(원)/100000(원)
423,경상북도,청도군,엽경채류 > 미나리 > 미나리(일반),3000(㎡),9000000(원),3000000(원),40000000(원),1000(원)/100000(원)
424,경상북도,청도군,과실류 > 복숭아 > 털복숭아(일반),6000(㎡),10000000(원),3500000(원),40000000(원),1000(원)/100000(원)
425,경상북도,청도군,과실류 > 떫은감 > 반시,4000(㎡),9000000(원),3000000(원),30000000(원),1000(원)/100000(원)
426,경상북도,의성군,과실류 > 복숭아 > 털복숭아(일반),2500(㎡),9000000(원),3000000(원),13000000(원),1000(원)/40000(원)
427,경상북도,의성군,과실류 > 자두 > 자두(일반),3300(㎡),9000000(원),3000000(원),16000000(원),1000(원)/40000(원)
428,경상북도,의성군,과실류 > 사과 > 사과(기타),8000(㎡),12000000(원),16000000(원),42000000(원),1000(원)/40000(원)
429,경상북도,의성군,조미채소류 > 마늘 > 마늘,3600(㎡),10000000(원),7000000(원),15000000(원),1000(원)/40000(원)
430,경상북도,울진군,서류 > 감자 > 감자(기타),3000(㎡),4000000(원),8000000(원),8000000(원),15000(원)/50000(원)
431,경상북도,울진군,조미채소류 > 양파 > 양파(일반),3000(㎡),8000000(원),13000000(원),11000000(원),15000(원)/50000(원)
432,경상북도,울진군,조미채소류 > 풋고추 > 청초(일반),3000(㎡),6000000(원),10000000(원),12000000(원),15000(원)/50000(원)
433,경상북도,예천군,약용작물류 > 오미자 > 오미자(일반),9900(㎡),30000000(원),8000000(원),50000000(원),4000(원)/20000(원)
434,경상북도,예천군,조미채소류 > 풋고추 > 청초(일반),3300(㎡),150000000(원),10000000(원),40000000(원),4000(원)/20000(원)
435,경상북도,예천군,과일과채류 > 토마토 > 토마토(일반),6600(㎡),105000000(원),45000000(원),70000000(원),4000(원)/20000(원)
436,경상북도,예천군,과실류 > 사과 > 사과(기타),9900(㎡),60000000(원),15000000(원),40000000(원),4000(원)/20000(원)
437,경상북도,영천시,과실류 > 자두 > 자두(일반),5960(㎡),45000000(원),15000000(원),52000000(원),2000(원)/200000(원)
438,경상북도,영천시,과실류 > 사과 > 사과(기타),6500(㎡),40000000(원),15000000(원),45000000(원),2000(원)/200000(원)
439,경상북도,영천시,과실류 > 복숭아 > 털복숭아(일반),4960(㎡),20000000(원),15000000(원),25000000(원),2000(원)/200000(원)
440,경상북도,영천시,과실류 > 포도 > 포도(일반),5850(㎡),40000000(원),15000000(원),27000000(원),2000(원)/200000(원)
441,경상북도,영주시,과실류 > 복숭아 > 털복숭아(일반),5950(㎡),24000000(원),26000000(원),36000000(원),2000(원)/60000(원)
442,경상북도,영주시,과실류 > 포도 > 포도(일반),5950(㎡),22000000(원),26000000(원),34000000(원),2000(원)/60000(원)
443,경상북도,영주시,과실류 > 사과 > 사과(기타),6600(㎡),59000000(원),25000000(원),42000000(원),2000(원)/60000(원)
444,경상북도,영양군,과실류 > 사과 > 사과(기타),6000(㎡),50000000(원),7000000(원),50000000(원),1000(원)/100000(원)
445,경상북도,영양군,조미채소류 > 풋고추 > 청초(일반),3000(㎡),8100000(원),2500000(원),30000000(원),1000(원)/100000(원)
446,경상북도,영덕군,과실류 > 복숭아 > 털복숭아(일반),6600(㎡),20000000(원),12000000(원),40000000(원),15000(원)/100000(원)
447,경상북도,영덕군,엽경채류 > 시금치 > 시금치(일반),10000(㎡),50000000(원),20000000(원),159000000(원),15000(원)/100000(원)
448,경상북도,안동시,과일과채류 > 수박 > (반촉성)수박,14876(㎡),7375686(원),2458562(원),3783069(원),1000(원)/30000(원)
449,경상북도,안동시,과일과채류 > 수박 > 노지수박,16528(㎡),4467963(원),1489321(원),4532321(원),1000(원)/30000(원)
450,경상북도,안동시,과채류 > 호박 > 시설호박,14876(㎡),19934085(원),6644695(원),6827153(원),1000(원)/30000(원)
451,경상북도,안동시,과실류 > 사과 > 사과(기타),16528(㎡),6013026(원),2004342(원),3286938(원),1000(원)/30000(원)
452,경상북도,성주군,과실류 > 사과 > 사과(기타),6600(㎡),40000000(원),7000000(원),150000000(원),1700(원)/110000(원)
453,경상북도,성주군,버섯류 > 표고버섯 > 표고버섯(일반),3300(㎡),200000000(원),50000000(원),150000000(원),1700(원)/110000(원)
454,경상북도,성주군,엽경채류 > 상추 > 청상추,9900(㎡),180000000(원),60000000(원),120000000(원),1700(원)/110000(원)
455,경상북도,성주군,과일과채류 > 참외 > 참외(기타),12500(㎡),80000000(원),50000000(원),150000000(원),1700(원)/110000(원)
456,경상북도,상주시,기타 > 원예 > 원예,3000(㎡),50000000(원),20000000(원),70000000(원),2000(원)/80000(원)
457,경상북도,상주시,기타동물생산물 > 꿀벌 > 양봉꿀,100(㎡),30000000(원),20000000(원),40000000(원),2000(원)/80000(원)
458,경상북도,상주시,과실류 > 곶감 > 곶감(일반),300(㎡),200000000(원),50000000(원),50000000(원),2000(원)/80000(원)
459,경상북도,상주시,기타 > 과수 > 과수,12000(㎡),30000000(원),10000000(원),40000000(원),2000(원)/80000(원)
460,경상북도,봉화군,조미채소류 > 건고추 > 건고추(일반),5000(㎡),3500000(원),2800000(원),7500000(원),1500(원)/90000(원)
461,경상북도,봉화군,과일과채류 > 수박 > 노지수박,5000(㎡),5700000(원),5000000(원),12500000(원),1500(원)/90000(원)
462,경상북도,봉화군,과실류 > 사과 > 사과(기타),10000(㎡),60000000(원),13800000(원),32000000(원),1500(원)/90000(원)
463,경상북도,문경시,버섯류 > 표고버섯 > 표고버섯(일반),2000(㎡),40000000(원),15000000(원),45000000(원),2000(원)/70000(원)
464,경상북도,문경시,기타 > 시설하우스 > 시설채소,2000(㎡),40000000(원),10000000(원),40000000(원),2000(원)/70000(원)
465,경상북도,문경시,약용작물류 > 오미자 > 오미자(일반),6600(㎡),15000000(원),10000000(원),30000000(원),2000(원)/70000(원)
466,경상북도,문경시,과실류 > 사과 > 사과(기타),6600(㎡),25000000(원),13000000(원),40000000(원),2000(원)/70000(원)
467,경상북도,김천시,과일과채류 > 참외 > 참외(시설),2000(㎡),12300000(원),7000000(원),20000000(원),3300(원)/70000(원)
468,경상북도,김천시,과실류 > 복숭아 > 털복숭아(일반),5000(㎡),5100000(원),900000(원),25000000(원),3300(원)/70000(원)
469,경상북도,김천시,과실류 > 포도 > 포도(시설),3300(㎡),45000000(원),5000000(원),25000000(원),3300(원)/70000(원)
470,경상북도,김천시,과실류 > 자두 > 자두(일반),6600(㎡),3600000(원),600000(원),30000000(원),3300(원)/70000(원)
471,경상북도,군위군,조미채소류 > 마늘 > 마늘,66000(㎡),12000000(원),9000000(원),30000000(원),1000(원)/100000(원)
472,경상북도,군위군,과실류 > 자두 > 자두(일반),6600(㎡),10000000(원),7000000(원),20000000(원),1000(원)/100000(원)
473,경상북도,구미시,과실류 > 포도 > 노지포도,1000(㎡),67280000(원),22420000(원),33340000(원),2000(원)/10000(원)
474,경상북도,구미시,과실류 > 복숭아 > 털복숭아(일반),1000(㎡),41640000(원),13880000(원),45150000(원),2000(원)/10000(원)
475,경상북도,구미시,서류 > 고구마 > 고구마,1000(㎡),27150000(원),9050000(원),59640000(원),2000(원)/10000(원)
476,경상북도,구미시,과실류 > 사과 > 사과(기타),1000(㎡),38820000(원),12940000(원),86340000(원),2000(원)/10000(원)
477,경상북도,고령군,과일과채류 > 딸기 > 고설딸기,3960(㎡),200000000(원),8000000(원),80000000(원),2000(원)/120000(원)
478,경상북도,고령군,서류 > 감자 > 감자(기타),9900(㎡),0(원),9500000(원),12000000(원),2000(원)/120000(원)
479,경상북도,고령군,과일과채류 > 수박 > 수박(일반),9900(㎡),120000000(원),18000000(원),40000000(원),2000(원)/120000(원)
480,경상북도,고령군,과일과채류 > 딸기 > 딸기(기타),4950(㎡),100000000(원),15000000(원),60000000(원),2000(원)/120000(원)
481,경상북도,경주시,엽경채류 > 부추 > 일반부추,10000(㎡),130000000(원),55000000(원),60000000(원),1000(원)/100000(원)
482,경상북도,경주시,과실류 > 포도 > 포도(일반),4500(㎡),22000000(원),25000000(원),30000000(원),1000(원)/100000(원)
483,경상북도,경주시,과실류 > 만감 > 한라봉,3300(㎡),130000000(원),5000000(원),50000000(원),1000(원)/100000(원)
484,경상북도,경주시,과일과채류 > 토마토 > 토마토(시설),3300(㎡),90000000(원),30000000(원),30000000(원),1000(원)/100000(원)
485,전라남도,화순군,과실류 > 블루베리 > 블루베리(일반),4000(㎡),68940000(원),23000000(원),50000000(원),1000(원)/90000(원)
486,전라남도,화순군,과실류 > 복숭아 > 털복숭아(일반),10000(㎡),71580000(원),24000000(원),78000000(원),1000(원)/90000(원)
487,전라남도,화순군,과일과채류 > 방울토마토 > 방울토마토,3300(㎡),125928000(원),42000000(원),84000000(원),1000(원)/90000(원)
488,전라남도,화순군,과일과채류 > 딸기 > 딸기(기타),3300(㎡),157489000(원),53000000(원),99000000(원),1000(원)/90000(원)
489,전라남도,해남군,과채류 > 호박 > 밤호박,2000(㎡),30000000(원),8000000(원),15000000(원),2000(원)/30000(원)
490,전라남도,해남군,기타화훼 > 야생화 > 세발나물,8000(㎡),25000000(원),40000000(원),800000000(원),2000(원)/30000(원)
491,전라남도,해남군,과실류 > 무화과 > 무화과(일반),4000(㎡),40000000(원),20000000(원),40000000(원),2000(원)/30000(원)
492,전라남도,해남군,서류 > 고구마 > 고구마,33000(㎡),45000000(원),40000000(원),60000000(원),2000(원)/30000(원)
493,전라남도,함평군,생축(가축)류 > 한우 > 한우,70(㎡),150000000(원),35000000(원),55000000(원),2000(원)/45000(원)
494,전라남도,함평군,조미채소류 > 양파 > 양파(일반),2600(㎡),15000000(원),5100000(원),8800000(원),2000(원)/45000(원)
495,전라남도,함평군,과실류 > 무화과 > 무화과(일반),1320(㎡),390000000(원),3200000(원),16000000(원),2000(원)/45000(원)
496,전라남도,함평군,과채류 > 호박 > 단호박,2687(㎡),8300000(원),2800000(원),6800000(원),2000(원)/45000(원)
497,전라남도,진도군,약용작물류 > 구기자 > 구기자(일반),1000(㎡),10000000(원),3533000(원),10300000(원),500(원)/30000(원)
498,전라남도,진도군,약용작물류 > 울금 > 울금,3300(㎡),12000000(원),4000000(원),9800000(원),500(원)/30000(원)
499,전라남도,진도군,엽경채류 > 배추 > 배추,5000(㎡),13500000(원),4500000(원),10500000(원),500(원)/30000(원)
500,전라남도,진도군,조미채소류 > 대파 > 대파(일반),5000(㎡),10000000(원),6000000(원),15000000(원),500(원)/30000(원)
501,전라남도,장성군,과일과채류 > 토마토 > 토마토(일반),4400(㎡),96320000(원),60724000(원),52168000(원),1000(원)/50000(원)
502,전라남도,장성군,과일과채류 > 딸기 > 딸기(기타),3200(㎡),82000000(원),39900000(원),34220000(원),1000(원)/50000(원)
503,전라남도,장성군,과실류 > 포도 > 포도(일반),5400(㎡),16700000(원),9163000(원),24154200(원),1000(원)/50000(원)
504,전라남도,장성군,과실류 > 사과 > 사과(기타),8870(㎡),36200000(원),31484000(원),38220000(원),1000(원)/50000(원)
505,전라남도,영암군,과일과채류 > 메론 > 메론(기타),2000(㎡),40000000(원),10000000(원),13000000(원),1500(원)/40000(원)
506,전라남도,영암군,과실류 > 단감 > 대봉감,5000(㎡),40000000(원),10000000(원),15000000(원),1500(원)/40000(원)
507,전라남도,영암군,서류 > 고구마 > 고구마,20000(㎡),70000000(원),25000000(원),20000000(원),1500(원)/40000(원)
508,전라남도,영암군,과실류 > 무화과 > 무화과(일반),5000(㎡),40000000(원),10000000(원),30000000(원),1500(원)/40000(원)
509,전라남도,영광군,서류 > 고구마 > 고구마,1300(㎡),2616000(원),1387000(원),1866000(원),800(원)/45000(원)
510,전라남도,영광군,과실류 > 블루베리 > 블루베리(일반),3300(㎡),38863000(원),8642000(원),23860000(원),800(원)/45000(원)
511,전라남도,영광군,조미채소류 > 양파 > 양파(일반),6600(㎡),15237000(원),8072000(원),8541000(원),800(원)/45000(원)
512,전라남도,여수시,조미채소류 > 양파 > 조생양파,4000(㎡),4296210(원),2530000(원),5330120(원),1500(원)/150000(원)
513,전라남도,여수시,조미채소류 > 마늘 > 마늘,3000(㎡),7115760(원),3890000(원),3964760(원),1500(원)/150000(원)
514,전라남도,여수시,약용작물류 > 방풍 > 방풍(기타),1000(㎡),2473140(원),990000(원),3031000(원),1500(원)/150000(원)
515,전라남도,여수시,엽경채류 > 갓 > 갓(일반),3000(㎡),7065000(원),1230000(원),9250000(원),1500(원)/150000(원)
516,전라남도,신안군,엽경채류 > 시금치 > 시금치(일반),6400(㎡),6000000(원),4500000(원),13000000(원),1800(원)/50000(원)
517,전라남도,신안군,과실류 > 무화과 > 무화과(일반),6600(㎡),6000000(원),3000000(원),38000000(원),1800(원)/50000(원)
518,전라남도,신안군,조미채소류 > 풋고추 > 청초(일반),5000(㎡),8000000(원),4000000(원),15000000(원),1800(원)/50000(원)
519,전라남도,신안군,조미채소류 > 마늘 > 마늘,3300(㎡),9000000(원),3000000(원),15000000(원),1800(원)/50000(원)
520,전라남도,순천시,과실류 > 단감 > 감(기타),14000(㎡),29000000(원),13000000(원),36000000(원),1000(원)/70000(원)
521,전라남도,순천시,과실류 > 매실 > 매실(일반),20465(㎡),25000000(원),8500000(원),17070000(원),1000(원)/70000(원)
522,전라남도,순천시,과실류 > 복숭아 > 털복숭아(일반),16500(㎡),33000000(원),14000000(원),54000000(원),1000(원)/70000(원)
523,전라남도,순천시,과채류 > 오이 > 시설오이,3630(㎡),57000000(원),19000000(원),87980000(원),1000(원)/70000(원)
524,전라남도,무안군,서류 > 고구마 > 고구마,10000(㎡),11161000(원),11086000(원),25404000(원),1000(원)/30000(원)
525,전라남도,무안군,조미채소류 > 마늘 > 마늘,5000(㎡),11862000(원),16378000(원),28998000(원),1000(원)/30000(원)
526,전라남도,무안군,조미채소류 > 양파 > 양파(일반),10000(㎡),18220000(원),24441000(원),36189000(원),1000(원)/30000(원)
527,전라남도,무안군,미곡류 > 벼 > 일반계,20000(㎡),8535000(원),9497000(원),19063000(원),1000(원)/30000(원)
528,전라남도,담양군,과일과채류 > 토마토 > 토마토(일반),2280(㎡),103500000(원),20808000(원),54262000(원),2000(원)/120000(원)
529,전라남도,담양군,과일과채류 > 딸기 > 딸기(기타),2280(㎡),103500000(원),22780000(원),79237000(원),2000(원)/120000(원)
530,전라남도,나주시,과채류 > 호박 > 호박(시설),4000(㎡),140000000(원),50000000(원),40000000(원),1000(원)/100000(원)
531,전라남도,나주시,엽경채류 > 기타 > 쌈채소,2000(㎡),30000000(원),10000000(원),25000000(원),1000(원)/100000(원)
532,전라남도,나주시,과일과채류 > 메론 > 메론(기타),8000(㎡),200000000(원),70000000(원),50000000(원),1000(원)/100000(원)
533,전라남도,나주시,과일과채류 > 딸기 > 딸기(기타),2000(㎡),70000000(원),26000000(원),40000000(원),1000(원)/100000(원)
534,전라남도,구례군,과채류 > 호박 > 애호박,3300(㎡),150000000(원),30000000(원),100000000(원),27000(원)/150000(원)
535,전라남도,구례군,과채류 > 오이 > 오이,3300(㎡),150000000(원),50000000(원),100000000(원),27000(원)/150000(원)
536,전라남도,구례군,기타동물생산물 > 꿀벌 > 기타,80(㎡),35000000(원),25000000(원),70000000(원),27000(원)/150000(원)
537,전라남도,구례군,버섯류 > 표고버섯 > 표고버섯(일반),2310(㎡),140000000(원),1000000(원),45000000(원),27000(원)/150000(원)
538,전라남도,광양시,과일과채류 > 토마토 > 토마토(일반),6000(㎡),0(원),34000000(원),68748000(원),300(원)/45000(원)
539,전라남도,광양시,과채류 > 호박 > 애호박(시설),3960(㎡),0(원),30500000(원),50140000(원),300(원)/45000(원)
540,전라남도,고흥군,과일과채류 > 딸기 > 딸기(시설딸기),1650(㎡),800000000(원),15000000(원),25000000(원),1000(원)/50000(원)
541,전라남도,고흥군,조미채소류 > 마늘 > 마늘,6600(㎡),16000000(원),7000000(원),21000000(원),1000(원)/50000(원)
542,전라남도,고흥군,과채류 > 오이 > 시설오이,1980(㎡),75000000(원),20000000(원),35000000(원),1000(원)/50000(원)
543,전라남도,고흥군,과실류 > 유자 > 유자(일반),3300(㎡),15000000(원),5000000(원),24000000(원),1000(원)/50000(원)
544,전라남도,강진군,과일과채류 > 방울토마토 > 방울토마토,2000(㎡),100208000(원),14385000(원),40100000(원),700(원)/5000(원)
545,전라남도,강진군,약용작물류 > 인삼 > 인삼,10000(㎡),60169000(원),10530000(원),30536000(원),700(원)/5000(원)
546,전라남도,강진군,관엽식물류 > 장미 > 장미(일반),2000(㎡),100000000(원),20809000(원),50671000(원),700(원)/5000(원)
547,전라남도,강진군,과일과채류 > 딸기 > 딸기(기타),2000(㎡),7000000(원),12000000(원),40000000(원),700(원)/5000(원)
548,전라북도,진안군,약용작물류 > 오미자 > 오미자(일반),1000(㎡),6000000(원),1000000(원),7000000(원),30000(원)/90000(원)
549,전라북도,진안군,과실류 > 사과 > 사과(기타),5000(㎡),30000000(원),10000000(원),23000000(원),30000(원)/90000(원)
550,전라북도,진안군,조미채소류 > 풋고추 > 청초(일반),1000(㎡),2000000(원),900000(원),5000000(원),30000(원)/90000(원)
551,전라북도,진안군,약용작물류 > 인삼 > 인삼,3000(㎡),40000000(원),15000000(원),30000000(원),30000(원)/90000(원)
552,전라북도,정읍시,과실류 > 사과 > 사과(기타),10000(㎡),18000000(원),20000000(원),200000000(원),1000(원)/50000(원)
553,전라북도,정읍시,조미채소류 > 풋고추 > 고추(시설),3000(㎡),200000000(원),1500000(원),150000000(원),10000(원)/50000(원)
554,전라북도,정읍시,과실류 > 블루베리 > 블루베리(일반),1500(㎡),90000000(원),25000000(원),10000000(원),10000(원)/50000(원)
555,전라북도,정읍시,약용작물류 > 복분자 > 복분자(일반),1000(㎡),6000000(원),1500000(원),50000000(원),10000(원)/50000(원)
556,전라북도,장수군,과일과채류 > 토마토 > 토마토(일반),10000(㎡),500000000(원),8000000(원),300000000(원),2000(원)/10000(원)
557,전라북도,장수군,생축(가축)류 > 한우 > 한우,660(㎡),230000000(원),50000000(원),100000000(원),2000(원)/10000(원)
558,전라북도,장수군,약용작물류 > 오미자 > 오미자(일반),10000(㎡),70920000(원),3000000(원),20000000(원),2000(원)/10000(원)
559,전라북도,장수군,과실류 > 사과 > 사과(기타),10000(㎡),85000000(원),18173690(원),54550410(원),2000(원)/10000(원)
560,전라북도,임실군,과일과채류 > 토마토 > 토마토(일반),3300(㎡),70000000(원),20000000(원),40000000(원),1000(원)/50000(원)
561,전라북도,임실군,과실류 > 블루베리 > 블루베리(일반),3300(㎡),30000000(원),20000000(원),20000000(원),1000(원)/50000(원)
562,전라북도,임실군,버섯류 > 표고버섯 > 표고버섯(일반),15000(㎡),50000000(원),20000000(원),3000000(원),1000(원)/50000(원)
563,전라북도,익산시,버섯류 > 표고버섯 > 표고버섯(일반),3960(㎡),150000000(원),30000000(원),60000000(원),1600(원)/40000(원)
564,전라북도,익산시,엽경채류 > 상추 > 청상추,3960(㎡),120000000(원),20000000(원),50000000(원),1600(원)/40000(원)
565,전라북도,익산시,과일과채류 > 딸기 > 딸기(기타),3960(㎡),150000000(원),30000000(원),70000000(원),1600(원)/40000(원)
566,전라북도,완주군,과실류 > 곶감 > 곶감(일반),10000(㎡),50000000(원),20000000(원),50000000(원),1000(원)/100000(원)
567,전라북도,완주군,조미채소류 > 양파 > 양파(일반),5000(㎡),20000000(원),10000000(원),30000000(원),1000(원)/100000(원)
568,전라북도,완주군,조미채소류 > 생강 > 생강(일반),7000(㎡),30000000(원),20000000(원),40000000(원),1000(원)/100000(원)
569,전라북도,완주군,과일과채류 > 딸기 > 딸기(기타),3000(㎡),100000000(원),40000000(원),80000000(원),1000(원)/100000(원)
570,전라북도,부안군,약용작물류 > 복분자 > 복분자(일반),7000(㎡),3522000(원),1176000(원),10052000(원),1000(원)/40000(원)
571,전라북도,순창군,엽경채류 > 기타 > 쌈채소,2000(㎡),29700000(원),9900000(원),24200000(원),1000(원)/40000(원)
572,전라북도,순창군,과일과채류 > 딸기 > 딸기(기타),2000(㎡),35640000(원),11880000(원),35640000(원),1000(원)/40000(원)
573,전라북도,순창군,과실류 > 블루베리 > 블루베리(일반),5000(㎡),53955000(원),17985000(원),27000000(원),1000(원)/40000(원)
574,전라북도,부안군,엽경채류 > 배추 > 배추,6400(㎡),0(원),5700000(원),7800000(원),2000(원)/70000(원)
575,전라북도,부안군,과일과채류 > 수박 > 수박(일반),0(㎡),0(원),50600000(원),27800000(원),2000(원)/70000(원)
576,전라북도,부안군,서류 > 감자 > 감자(기타),11000(㎡),0(원),25300000(원),14300000(원),2000(원)/70000(원)
577,전라북도,부안군,과실류 > 오디 > 오디(일반),2000(㎡),2100000(원),3500000(원),14000000(원),2000(원)/70000(원)
578,전라북도,무주군,약용작물류 > 오미자 > 오미자(일반),1500(㎡),4030000(원),3028000(원),15000000(원),1100(원)/12000(원)
579,전라북도,무주군,과실류 > 사과 > 사과(기타),8200(㎡),10450000(원),5560000(원),34000000(원),1100(원)/12000(원)
580,전라북도,무주군,약용작물류 > 인삼 > 인삼,2314(㎡),8607000(원),5247000(원),37000000(원),1100(원)/12000(원)
581,전라북도,무주군,과실류 > 포도 > 포도(일반),2000(㎡),3700000(원),3371500(원),19538000(원),1100(원)/12000(원)
582,전라북도,남원시,엽경채류 > 상추 > 청상추,1980(㎡),50000000(원),20000000(원),30000000(원),300(원)/50000(원)
583,전라북도,남원시,과실류 > 포도 > 포도(일반),5000(㎡),80000000(원),30000000(원),35000000(원),300(원)/50000(원)
584,전라북도,남원시,과일과채류 > 딸기 > 딸기(기타),1980(㎡),50000000(원),20000000(원),30000000(원),300(원)/50000(원)
585,전라북도,김제시,미곡류 > 벼 > 일반계,39600(㎡),0(원),16500000(원),40000000(원),1500(원)/50000(원)
586,전라북도,김제시,과실류 > 포도 > 포도(시설),3300(㎡),100000000(원),21461000(원),42292000(원),1500(원)/50000(원)
587,전라북도,김제시,조미채소류 > 풋고추 > 고추(시설),3300(㎡),100000000(원),39194000(원),72530000(원),1500(원)/50000(원)
588,전라북도,김제시,과일과채류 > 딸기 > 딸기(시설딸기),3300(㎡),250000000(원),50000000(원),100000000(원),1500(원)/50000(원)
589,전라북도,고창군,과실류 > 블루베리 > 블루베리(일반),3300(㎡),8020000(원),2870000(원),29700000(원),1000(원)/50000(원)
590,전라북도,고창군,조미채소류 > 풋고추 > 청초(일반),3300(㎡),2870000(원),960000(원),11000000(원),1000(원)/50000(원)
591,전라북도,고창군,과일과채류 > 수박 > 수박(시설),3300(㎡),6660000(원),2220000(원),24440000(원),1000(원)/50000(원)
592,전라북도,고창군,약용작물류 > 복분자 > 복분자(일반),1980(㎡),3780000(원),1260000(원),12000000(원),1000(원)/50000(원)
593,충청남도,예산군,조미채소류 > 쪽파 > 쪽파(시설),3960(㎡),50000000(원),1800000(원),35000000(원),1000(원)/150000(원)
594,충청남도,예산군,과일과채류 > 수박 > 수박(시설),3960(㎡),50000000(원),1800000(원),21000000(원),1000(원)/150000(원)
595,충청남도,예산군,과실류 > 블루베리 > 블루베리(일반),1650(㎡),15000000(원),1500000(원),7000000(원),1000(원)/150000(원)
596,충청남도,예산군,과실류 > 사과 > 사과(기타),4500(㎡),30000000(원),1800000(원),30000000(원),1000(원)/150000(원)
597,충청남도,홍성군,과일과채류 > 딸기 > 딸기(기타),1000(㎡),50000000(원),20000000(원),50000000(원),900(원)/60000(원)
598,충청남도,홍성군,미곡류 > 벼 > 일반계,8000(㎡),10000000(원),10000000(원),15000000(원),900(원)/60000(원)
599,충청남도,홍성군,기타 > 기타 > 친환경 제철 꾸러미,2000(㎡),30000000(원),10000000(원),20000000(원),900(원)/60000(원)
600,충청남도,청양군,과일과채류 > 토마토 > 토마토(일반),2700(㎡),20000000(원),8000000(원),29000000(원),800(원)/60000(원)
601,충청남도,청양군,약용작물류 > 구기자 > 시설구기자,1320(㎡),6000000(원),2400000(원),12000000(원),800(원)/60000(원)
602,충청남도,청양군,조미채소류 > 풋고추 > 고추(시설),2700(㎡),9000000(원),4500000(원),18000000(원),800(원)/60000(원)
603,충청남도,서천군,콩류 > 강낭콩 > 덩굴강낭콩(시설),2640(㎡),55000000(원),3000000(원),25000000(원),0(원)/100000(원)
604,충청남도,서천군,서류 > 감자 > 감자(시설),2640(㎡),55000000(원),3000000(원),22600000(원),0(원)/100000(원)
605,충청남도,서천군,양채류 > 기타 > 쌈채(시설),1980(㎡),42000000(원),3000000(원),16000000(원),0(원)/100000(원)
606,충청남도,서천군,조미채소류 > 풋고추 > 고추(시설),1980(㎡),45000000(원),6000000(원),17000000(원),0(원)/100000(원)
607,충청남도,부여군,수실류 > 밤 > 밤(일반),10000(㎡),60000000(원),12000000(원),10000000(원),2000(원)/120000(원)
608,충청남도,부여군,과일과채류 > 딸기 > 딸기(기타),1200(㎡),150000000(원),30000000(원),12600000(원),2000(원)/120000(원)
609,충청남도,부여군,과일과채류 > 수박 > 수박(일반),3300(㎡),450000000(원),100000000(원),30000000(원),2000(원)/120000(원)
610,충청남도,부여군,과일과채류 > 토마토 > 토마토(일반),3300(㎡),450000000(원),100000000(원),30000000(원),2000(원)/120000(원)
611,충청남도,금산군,버섯류 > 표고버섯 > 표고버섯(균상),1650(㎡),72000000(원),20000000(원),30000000(원),1500(원)/60000(원)
612,충청남도,금산군,과일과채류 > 딸기 > 딸기(기타),1980(㎡),140000000(원),15000000(원),36000000(원),1500(원)/60000(원)
613,충청남도,금산군,특용작물류 > 들깨 > 잎들깨,1980(㎡),50000000(원),8000000(원),32000000(원),1500(원)/60000(원)
614,충청남도,금산군,약용작물류 > 인삼 > 인삼,5940(㎡),32000000(원),8000000(원),15000000(원),1500(원)/60000(원)
615,충청남도,당진시,과채류 > 호박 > 단호박,3960(㎡),15000000(원),3000000(원),14000000(원),700(원)/70000(원)
616,충청남도,당진시,서류 > 고구마 > 고구마,19800(㎡),53160000(원),17720000(원),28000000(원),700(원)/70000(원)
617,충청남도,당진시,조미채소류 > 꽈리고추 > 꽈리고추(일반),2970(㎡),90025000(원),25000000(원),34000000(원),700(원)/70000(원)
618,충청남도,당진시,미곡류 > 쌀 > 쌀(기타),69300(㎡),86100000(원),28700000(원),42700000(원),700(원)/70000(원)
619,충청남도,계룡시,엽경채류 > 상추 > 상추(기타),1650(㎡),10500000(원),3500000(원),10000000(원),5000(원)/400000(원)
620,충청남도,계룡시,과일과채류 > 토마토 > 토마토(일반),3300(㎡),42000000(원),14000000(원),20000000(원),5000(원)/400000(원)
621,충청남도,계룡시,과일과채류 > 딸기 > 딸기(기타),1650(㎡),42000000(원),14000000(원),25000000(원),5000(원)/400000(원)
622,충청남도,논산시,과일과채류 > 토마토 > 토마토(일반),5000(㎡),300000000(원),80000000(원),120000000(원),2500(원)/80000(원)
623,충청남도,논산시,특용작물류 > 들깨 > 잎들깨,1000(㎡),100000000(원),20000000(원),40000000(원),2500(원)/80000(원)
624,충청남도,논산시,엽경채류 > 상추 > 상추(기타),6000(㎡),200000000(원),30000000(원),60000000(원),2500(원)/80000(원)
625,충청남도,논산시,과일과채류 > 딸기 > 딸기(기타),2000(㎡),200000000(원),30000000(원),60000000(원),2500(원)/80000(원)
626,충청남도,서산시,조미채소류 > 마늘 > 마늘,5004(㎡),0(원),12507000(원),30000000(원),1000(원)/60000(원)
627,충청남도,서산시,조미채소류 > 생강 > 생강(일반),5102(㎡),0(원),16023000(원),20070000(원),1000(원)/60000(원)
628,충청남도,보령시,과일과채류 > 방울토마토 > 방울토마토,2644(㎡),100000000(원),40000000(원),55000000(원),800(원)/50000(원)
629,충청남도,보령시,서류 > 고구마 > 고구마,9900(㎡),50000000(원),20000000(원),24000000(원),800(원)/50000(원)
630,충청남도,보령시,과실류 > 포도 > 포도(일반),8250(㎡),50000000(원),20000000(원),47000000(원),800(원)/50000(원)
631,충청남도,보령시,버섯류 > 양송이 > 양송이(일반),792(㎡),400000000(원),120000000(원),250000000(원),800(원)/50000(원)
632,충청남도,공주시,조미채소류 > 풋고추 > 청초(일반),1980(㎡),3000000(원),3000000(원),10000000(원),700(원)/50000(원)
633,충청남도,공주시,미곡류 > 쌀 > 일반미(쌀 일반),13200(㎡),3000000(원),2000000(원),13000000(원),700(원)/50000(원)
634,충청남도,공주시,버섯류 > 표고버섯 > 표고버섯(일반),1650(㎡),90000000(원),5000000(원),70000000(원),700(원)/50000(원)
635,충청남도,공주시,과일과채류 > 딸기 > 딸기(기타),6600(㎡),75000000(원),10000000(원),50000000(원),700(원)/50000(원)
636,충청남도,천안시,과일과채류 > 메론 > 메론(기타),4000(㎡),72000000(원),13000000(원),20000000(원),1500(원)/200000(원)
637,충청남도,천안시,과채류 > 오이 > 오이,2000(㎡),61000000(원),9000000(원),16000000(원),1500(원)/200000(원)
638,충청남도,천안시,과실류 > 포도 > 포도(일반),6000(㎡),76000000(원),10000000(원),18000000(원),1500(원)/200000(원)
639,충청남도,천안시,과실류 > 배 > 배(기타),10000(㎡),113000000(원),9000000(원),34000000(원),1500(원)/200000(원)
640,충청북도,충주시,과일과채류 > 딸기 > 딸기(기타),2640(㎡),200000000(원),40000000(원),40000000(원),1000(원)/100000(원)
641,충청북도,충주시,수실류 > 밤 > 밤(일반),40000(㎡),95000000(원),18000000(원),33000000(원),1000(원)/100000(원)
642,충청북도,충주시,과실류 > 복숭아 > 털복숭아(일반),10000(㎡),120000000(원),17000000(원),28000000(원),1000(원)/100000(원)
643,충청북도,충주시,과실류 > 사과 > 사과(기타),10000(㎡),200000000(원),20000000(원),30000000(원),1000(원)/100000(원)
644,충청북도,청주시,과실류 > 블루베리 > 블루베리(일반),600(㎡),20000000(원),5000000(원),10000000(원),20000(원)/150000(원)
645,충청북도,청주시,과일과채류 > 딸기 > 딸기(기타),600(㎡),40000000(원),10000000(원),15000000(원),20000(원)/150000(원)
646,충청북도,청주시,과채류 > 호박 > 애호박,600(㎡),40000000(원),10000000(원),20000000(원),20000(원)/150000(원)
647,충청북도,청주시,미곡류 > 쌀 > 쌀(기타),1000(㎡),2000000(원),5000000(원),10000000(원),20000(원)/150000(원)
648,충청북도,진천군,과일과채류 > 수박 > 수박(일반),6840(㎡),120000(원),24000(원),72000(원),9405(원)/80000(원)
649,충청북도,진천군,과일과채류 > 토마토 > 토마토(일반),3420(㎡),70000(원),35000(원),80000(원),9405(원)/80000(원)
650,충청북도,진천군,과채류 > 오이 > 오이,4560(㎡),112000(원),36000(원),120000(원),9405(원)/80000(원)
651,충청북도,증평군,엽경채류 > 배추 > 절임배추,2(㎡),0(원),2000000(원),4000000(원),50000(원)/100000(원)
652,충청북도,증평군,기타 > 시설하우스 > 시설채소,3000(㎡),0(원),4000000(원),7000000(원),50000(원)/100000(원)
653,충청북도,증평군,생축(가축)류 > 돼지류 > 홍삼포크,3000(㎡),0(원),4000000(원),7000000(원),50000(원)/100000(원)
654,충청북도,증평군,약용작물류 > 인삼 > 인삼,20000(㎡),0(원),37000000(원),44000000(원),50000(원)/100000(원)
655,충청북도,제천시,양채류 > 기타 > 양채류(기타),10000(㎡),30000000(원),6000000(원),30000000(원),700(원)/50000(원)
656,충청북도,제천시,과실류 > 사과 > 사과,10000(㎡),60000000(원),20000000(원),50000000(원),700(원)/50000(원)
657,충청북도,옥천군,목재류 > 묘목 > 묘목,42975(㎡),100000000(원),150000000(원),70000000(원),2000(원)/80000(원)
658,충청북도,옥천군,약용작물류 > 인삼 > 인삼,10794(㎡),59599280(원),29799640(원),102476900(원),2000(원)/80000(원)
659,충청북도,옥천군,과실류 > 포도 > 포도(시설),5545(㎡),36439060(원),18219530(원),18925760(원),2000(원)/80000(원)
660,충청북도,옥천군,과실류 > 복숭아 > 털복숭아(일반),3760(㎡),14808229(원),7404110(원),11330372(원),2000(원)/80000(원)
661,충청북도,영동군,과실류 > 사과 > 사과,7800(㎡),26000000(원),13000000(원),35000000(원),2000(원)/10000(원)
662,충청북도,영동군,과실류 > 곶감 > 곶감(일반),3500(㎡),23000000(원),12000000(원),24000000(원),2000(원)/10000(원)
663,충청북도,영동군,과실류 > 복숭아 > 털복숭아(일반),4800(㎡),20000000(원),8000000(원),20000000(원),2000(원)/10000(원)
664,충청북도,영동군,과실류 > 포도 > 포도(일반),4800(㎡),21000000(원),8000000(원),20000000(원),2000(원)/10000(원)
665,충청북도,보은군,생축(가축)류 > 한우 > 한우,50(㎡),150000000(원),50000000(원),80000000(원),1000(원)/50000(원)
666,충청북도,보은군,과실류 > 사과 > 사과,10000(㎡),70000000(원),20000000(원),49000000(원),1000(원)/50000(원)
667,충청북도,보은군,수실류 > 대추 > 대추(일반),10000(㎡),150000000(원),8000000(원),40000000(원),1000(원)/50000(원)
668,충청북도,괴산군,엽경채류 > 배추 > 배추,3000(㎡),5000000(원),2000000(원),20000000(원),1000(원)/100000(원)
669,충청북도,괴산군,잡곡류 > 옥수수 > 옥수수(기타),2100(㎡),3500000(원),1700000(원),6000000(원),1000(원)/100000(원)
670,충청북도,괴산군,서류 > 감자 > 감자(기타),1800(㎡),3000000(원),1500000(원),6000000(원),1000(원)/100000(원)
671,강원도,평창군,산채류 > 기타 > 산채류(기타),5000(㎡),50000000(원),5000000(원),25000000(원),1000(원)/100000(원)
672,강원도,평창군,과실류 > 사과 > 사과(기타),10000(㎡),100000000(원),10000000(원),50000000(원),1000(원)/100000(원)
673,강원도,철원군,과일과채류 > 토마토 > 토마토(일반),2000(㎡),9000000(원),6000000(원),20000000(원),500(원)/100000(원)
674,강원도,철원군,양채류 > 파프리카 > 파프리카(일반),2000(㎡),12000000(원),90000000(원),25000000(원),500(원)/100000(원)
675,강원도,철원군,미곡류 > 쌀 > 일반미(쌀 일반),20000(㎡),6000000(원),5000000(원),15000000(원),500(원)/100000(원)
676,강원도,인제군,과실류 > 사과 > 사과,3000(㎡),26000000(원),11000000(원),26000000(원),2000(원)/90000(원)
677,강원도,인제군,조미채소류 > 풋고추 > 고추(시설),3000(㎡),70000000(원),9000000(원),38000000(원),2000(원)/90000(원)
678,강원도,인제군,산채류 > 취나물 > 곰취나물,2000(㎡),43000000(원),6000000(원),21000000(원),2000(원)/90000(원)
679,강원도,인제군,약용작물류 > 오미자 > 오미자(일반),3300(㎡),41000000(원),8000000(원),20000000(원),2000(원)/90000(원)
680,강원도,속초시,미곡류 > 벼 > 일반계,10000(㎡),15000000(원),3000000(원),10000000(원),2000(원)/500000(원)
681,강원도,속초시,잡곡류 > 옥수수 > 찰옥수수,3000(㎡),5000000(원),1000000(원),5000000(원),2000(원)/500000(원)
682,강원도,속초시,과일과채류 > 딸기 > 딸기(시설딸기),1000(㎡),90000000(원),10000000(원),45000000(원),2000(원)/500000(원)
683,강원도,속초시,엽경채류 > 상추 > 상추(시설),2000(㎡),45000000(원),10000000(원),36000000(원),2000(원)/500000(원)
684,강원도,태백시,엽경채류 > 배추 > 배추,1652(㎡),5000000(원),60000000(원),110000000(원),7000(원)/5000(원)
685,강원도,동해시,엽경채류 > 배추 > 배추,1000(㎡),1800000(원),600000(원),2900000(원),0(원)/300000(원)
686,강원도,동해시,서류 > 감자 > 감자(기타),1000(㎡),2100000(원),700000(원),2400000(원),0(원)/300000(원)
687,강원도,동해시,잡곡류 > 옥수수 > 옥수수(기타),1000(㎡),1200000(원),400000(원),1800000(원),0(원)/300000(원)
688,강원도,고성군,약용작물류 > 인삼 > 인삼,14850(㎡),21000000(원),10000000(원),42000000(원),2000(원)/10000(원)
689,강원도,고성군,버섯류 > 표고버섯 > 표고버섯(일반),600(㎡),40000000(원),21000000(원),40000000(원),2000(원)/10000(원)
690,강원도,고성군,과실류 > 블루베리 > 블루베리(일반),4950(㎡),35000000(원),18000000(원),40000000(원),2000(원)/10000(원)
691,강원도,홍천군,산채류 > 산마늘 > 산마늘(일반),3000(㎡),40000000(원),2500000(원),20000000(원),1000(원)/30000(원)
692,강원도,홍천군,약용작물류 > 구기자 > 구기자(일반),2000(㎡),14000000(원),1770000(원),15000(원),1000(원)/30000(원)
693,강원도,홍천군,과실류 > 사과 > 사과(기타),5000(㎡),21000000(원),3800000(원),25000000(원),1000(원)/30000(원)
694,강원도,양양군,과실류 > 복숭아 > 털복숭아(일반),10000(㎡),3820000(원),3200000(원),3300000(원),121(원)/50000(원)
695,강원도,양양군,산채류 > 기타 > 산채류(기타),10000(㎡),5200000(원),2700000(원),1200000(원),121(원)/50000(원)
696,강원도,양양군,버섯류 > 느타리버섯 > 느타리버섯(일반),231(㎡),7000000(원),4200000(원),2400000(원),121(원)/50000(원)
697,세종특별자치시,세종센터,과채류 > 오이 > 오이,1320(㎡),3600000(원),6000000(원),7000000(원),2000(원)/300000(원)
698,세종특별자치시,세종센터,과일과채류 > 딸기 > 딸기(기타),1320(㎡),5100000(원),9000000(원),10000000(원),2000(원)/300000(원)
699,세종특별자치시,세종센터,과실류 > 배 > 배(기타),3300(㎡),1500000(원),2400000(원),2800000(원),2000(원)/300000(원)
700,세종특별자치시,세종센터,과실류 > 복숭아 > 털복숭아(일반),3300(㎡),1200000(원),1700000(원),3000000(원),2000(원)/300000(원)
701,충청북도,단양군,과실류 > 아로니아 > 아로니아(일반),10000(㎡),32000000(원),18000000(원),50000000(원),0(원)/0(원)
702,충청북도,단양군,약용작물류 > 오미자 > 오미자(일반),10000(㎡),32000000(원),18000000(원),50000000(원),0(원)/0(원)
703,충청북도,단양군,조미채소류 > 마늘 > 마늘,10000(㎡),32000000(원),18000000(원),50000000(원),0(원)/0(원)
704,경기도,평택시,버섯류 > 느타리버섯 > 느타리버섯(일반),330(㎡),50000000(원),10000000(원),12000000(원),12500(원)/109420(원)
705,충청북도,음성군,버섯류 > 기타 > 버섯(시설),3000(㎡),300000000(원),60000000(원),80000000(원),300(원)/100000(원)
706,충청북도,음성군,기타화훼 > 화훼(시설) > 화훼(시설),1000(㎡),300000000(원),50000000(원),80000000(원),300(원)/100000(원)
707,경기도,평택시,과실류 > 체리 > 체리(일반),3300(㎡),20000000(원),12000000(원),16000000(원),12500(원)/109420(원)
708,경기도,여주시,미곡류 > 벼 > 일반계,33000(㎡),0(원),12000000(원),18000000(원),2000(원)/150000(원)
709,경기도,여주시,과채류 > 가지 > 시설가지,2000(㎡),36000000(원),14400000(원),21600000(원),2000(원)/150000(원)
710,경기도,여주시,서류 > 고구마 > 고구마,20000(㎡),0(원),30000000(원),21000000(원),2000(원)/150000(원)
711,경상남도,함안군,근채류 > 연근 > 연근(일반),33000(㎡),3063103(원),1683321(원),3063103(원),250000(원)/100000(원)
712,경상남도,함안군,양채류 > 파프리카 > 파프리카(일반),6600(㎡),44796676(원),27415199(원),44796676(원),250000(원)/100000(원)
713,경상남도,함양군,과실류 > 블루베리 > 블루베리(일반),3400(㎡),700000(원),700000(원),14600000(원),60000(원)/1000(원)
714,강원도,삼척시,산채류 > 곤드레나물 > 곤드레나물,5000(㎡),6000000(원),10500000(원),17050000(원),2000(원)/60000(원)
715,강원도,삼척시,엽경채류 > 상추 > 상추(시설),2000(㎡),6200000(원),10228000(원),8094000(원),2000(원)/60000(원)
716,강원도,삼척시,잡곡류 > 옥수수 > 찰옥수수,5000(㎡),2100000(원),2800000(원),4980000(원),2000(원)/60000(원)
717,강원도,삼척시,과일과채류 > 딸기 > 딸기(시설딸기),2000(㎡),17000000(원),22512000(원),24000000(원),2000(원)/60000(원)
718,강원도,횡성군,조미채소류 > 풋고추 > 청초(일반),1500(㎡),20000000(원),7000000(원),22000000(원),500(원)/100000(원)
719,강원도,횡성군,과일과채류 > 토마토 > 토마토(일반),2000(㎡),25000000(원),10000000(원),25000000(원),500(원)/100000(원)
720,충청북도,음성군,과일과채류 > 수박 > 수박(시설),10000(㎡),100000000(원),50000000(원),50000000(원),300(원)/100000(원)
721,충청북도,제천시,약용작물류 > 오미자 > 오미자(일반),5000(㎡),50000000(원),20000000(원),0(원),1000(원)/350000(원)
722,제주특별자치도,서귀포시,조미채소류 > 마늘 > 마늘,15000(㎡),45000000(원),15000000(원),50000000(원),0(원)/0(원)
723,제주특별자치도,서귀포시,근채류 > 당근 > 당근(일반),20000(㎡),45000000(원),15000000(원),50000000(원),0(원)/0(원)
724,경기도,평택시,과실류 > 블루베리 > 블루베리(일반),3300(㎡),25000000(원),18000000(원),20000000(원),12500(원)/109420(원)
725,경기도,파주시,미곡류 > 벼 > 일반계,49500(㎡),6201(원),2067(원),2511(원),2000(원)/170000(원)
726,강원도,횡성군,생축(가축)류 > 한우 > 한우,50(㎡),100000000(원),20000000(원),30000000(원),500(원)/100000(원)
727,경기도,연천군,콩류 > 콩 > 콩(일반),10000(㎡),10000000(원),3000000(원),6000000(원),1000(원)/150000(원)
728,경기도,연천군,잡곡류 > 율무 > 일반율무,10000(㎡),10000000(원),3000000(원),6000000(원),1000(원)/150000(원)
729,강원도,원주시,서류 > 고구마 > 고구마,3300(㎡),3600000(원),1000000(원),6000000(원),700(원)/100000(원)
730,강원도,양구군,과실류 > 사과 > 사과(기타),9166(㎡),44639000(원),30400000(원),76000000(원),1000(원)/60000(원)
731,강원도,원주시,과실류 > 배 > 배(기타),4500(㎡),11000000(원),2000000(원),20000000(원),700(원)/100000(원)
732,충청북도,음성군,과실류 > 복숭아 > 털복숭아(일반),10000(㎡),150000000(원),80000000(원),50000000(원),300(원)/100000(원)
733,강원도,원주시,과실류 > 복숭아 > 털복숭아(일반),4500(㎡),8000000(원),1500000(원),20000000(원),700(원)/100000(원)
734,경상남도,함안군,과실류 > 단감 > 감(기타),126500(㎡),3042337(원),1240438(원),3042337(원),250000(원)/100000(원)
735,전라남도,구례군,과실류 > 단감 > 감(기타),15000(㎡),60000000(원),20000000(원),40000000(원),1000(원)/100000(원)
736,전라남도,구례군,과실류 > 매실 > 매실(일반),20000(㎡),45000000(원),15000000(원),35000000(원),1000(원)/100000(원)
737,경상남도,함안군,과일과채류 > 수박 > 수박(일반),6600(㎡),13071421(원),4099026(원),8522170(원),250000(원)/100000(원)
738,강원도,양구군,과일과채류 > 수박 > 수박(일반),4800(㎡),94510000(원),16400000(원),41000000(원),1000(원)/60000(원)
739,강원도,양구군,과일과채류 > 메론 > 메론(기타),2600(㎡),51212000(원),9600000(원),24000000(원),1000(원)/60000(원)
740,경기도,연천군,과채류 > 오이 > 오이,2000(㎡),20000000(원),8000000(원),20000000(원),1000(원)/150000(원)
741,전라남도,구례군,과채류 > 오이 > 오이,2600(㎡),120000000(원),40000000(원),55000000(원),1000(원)/100000(원)
742,강원도,양구군,산채류 > 취나물 > 곰취나물,1975(㎡),38901000(원),6400000(원),16000000(원),1000(원)/60000(원)
743,강원도,횡성군,산채류 > 더덕 > 더덕(일반),5000(㎡),20000000(원),5000000(원),10000000(원),500(원)/100000(원)
744,충청북도,제천시,약용작물류 > 황기 > 황기(일반),12000(㎡),10000000(원),5000000(원),25000000(원),1000(원)/150000(원)
745,전라남도,구례군,약용작물류 > 산야초 > 산야초(일반),2000(㎡),30000000(원),10000000(원),50000000(원),1000(원)/100000(원)
746,경기도,파주시,약용작물류 > 인삼 > 인삼,15000(㎡),7000(원),3000(원),2500(원),2000(원)/170000(원)
747,경기도,파주시,콩류 > 콩 > 콩(일반),10000(㎡),5000(원),2500(원),1000(원),2000(원)/170000(원)
